Ticker,Short Name,Avg D Val Traded 5D:D-5,P/E,P/B,P/FCF,ROE LF,GICS Sector,Market Cap,Earnings Yield,ROIC LF,Debt/Equity LF,Dil EPS Frm Cont Op 1Y Gr LF,Current 6 Month Total Return (BLOOMBERG L.P.),Tot Ret 1Y Net
300308 CH Equity,ZHONGJI INNOLI-A,2.53B,71.16,25.87,94.75,44.16%,Information Technology,770.03B,1.41%,39.01%,6.55%,165.41%,77.89,657.14
300502 CH Equity,EOPTOLINK TECH-A,2.22B,64.68,33.53,143.54,69.59%,Information Technology,487.06B,1.55%,61.72%,9.55%,206.29%,41.54,469.65
300394 CH Equity,SUZHOU TFC OPT-A,1.84B,133.59,48.98,184.77,42.53%,Information Technology,269.69B,0.75%,40.39%,1.76%,49.56%,119.28,314.14
688256 CH Equity,CAMBRICON-A,1.55B,243.97,42.68,--,23.86%,Information Technology,505.18B,0.41%,22.85%,3.10%,47.10%,-3.94,607.81
700 HK Equity,TENCENT,1.50B,17.91,3.51,--,21.13%,Communication Services,4.64T,5.58%,12.94%,32.75%,21.01%,-21.95,61.65
300750 CH Equity,CONTEMPORARY A-A,1.46B,24.28,5.28,19.37,24.72%,Industrials,1.81T,4.12%,12.06%,60.07%,65.11%,2.1,205.28
300274 CH Equity,SUNGROW POWER -A,1.38B,19.05,5.51,18.08,32.24%,Industrials,256.66B,5.25%,17.76%,45.62%,-58.82%,-14.97,76.2
603986 CH Equity,GIGADEVICE SEM-A,1.35B,101.37,8.8,124.32,9.28%,Information Technology,177.44B,0.99%,8.46%,1.55%,57.34%,16.5,157.93
300476 CH Equity,VICTORY GIANT -A,1.30B,55.78,14.56,--,33.76%,Information Technology,242.59B,1.79%,20.56%,59.15%,169.86%,4.46,223.52
601138 CH Equity,FOXCONN INDUST-A,1.25B,31.02,6.55,--,22.09%,Information Technology,1.09T,3.22%,15.46%,65.93%,46.55%,-16.72,39.91
002475 CH Equity,LUXSHARE PRECI-A,1.13B,25.26,5,48.71,21.82%,Information Technology,401.38B,3.96%,6.20%,98.09%,43.28%,-9.1,27.88
000617 CH Equity,CNPC CAPITAL C-A,947.77M,30.53,1.25,--,4.16%,Financials,131.35B,3.28%,0.61%,436.92%,10.56%,-5.86,3.12
002384 CH Equity,SUZHOU DONGSHA-A,928.29M,188.51,11.34,1.57k,6.19%,Information Technology,241.59B,0.53%,3.55%,82.19%,-17.32%,92.08,120.28
001309 CH Equity,SHENZHEN TECHW-A,922.54M,134.12,28.21,--,23.94%,Information Technology,92.23B,0.75%,12.07%,175.30%,104.55%,105.56,366.33
002463 CH Equity,WUS PRINTED-A,837.22M,43.19,10.93,--,28.36%,Information Technology,165.19B,2.32%,20.43%,36.36%,29.92%,17.98,62.47
1810 HK Equity,XIAOMI CORP-W,823.76M,16.85,2.67,16.91,18.31%,Information Technology,813.30B,5.93%,14.77%,13.56%,-28.17%,-39.75,-12.09
002460 CH Equity,GANFENG LITHIU-A,817.19M,105.06,3.74,--,3.71%,Materials,163.34B,0.95%,1.16%,73.97%,39.18%,26.72,53.54
600522 CH Equity,ZHONGTIAN TECH-A,807.09M,37.38,2.93,31.94,8.02%,Industrials,107.17B,2.67%,5.18%,29.28%,11.43%,68.91,16.96
300548 CH Equity,EVERPROX TECHN-A,800.57M,201.13,34.41,123.26,18.02%,Information Technology,67.60B,0.50%,19.11%,18.05%,197.15%,128.88,191.35
600105 CH Equity,JIANGSU ETERN-A,797.19M,151.98,15.35,--,10.84%,Information Technology,50.64B,0.66%,-0.76%,104.29%,-59.23%,134.44,33.16
300620 CH Equity,ADVANCED FIBER-A,743.80M,325.97,26.53,560.29,8.63%,Information Technology,57.59B,0.31%,6.01%,43.73%,540.75%,115.29,195.92
883 HK Equity,CNOOC-H,743.44M,9.05,1.38,11.12,15.75%,Energy,1.32T,11.05%,14.23%,8.67%,-5.98%,41.36,12.24
002428 CH Equity,YUNNAN LINCANG-A,714.25M,864.04,24.95,--,2.89%,Materials,36.31B,0.12%,3.79%,71.21%,421.87%,95.33,37.68
688313 CH Equity,HENAN SHIJIA P-A,710.27M,147.31,32.76,--,24.84%,Information Technology,48.35B,0.68%,19.09%,41.93%,183.18%,57.95,91.45
601872 CH Equity,CHINA MERCHANT-A,691.61M,26.43,3.71,491.57,14.48%,Energy,159.47B,3.78%,9.14%,64.88%,24.28%,129.73,13.51
300475 CH Equity,SHANNON SEMICO-A,675.68M,264.54,20.22,1.03k,8.18%,Information Technology,68.59B,0.38%,5.91%,137.49%,-1.89%,46.1,124.04
603259 CH Equity,WUXI APPTEC CO-A,665.09M,17.45,3.97,47.06,27.69%,Health Care,320.01B,5.73%,19.14%,10.49%,-35.41%,1.4,56.65
3690 HK Equity,MEITUAN-W,621.01M,--,2.84,--,-14.43%,Consumer Discretionary,543.35B,-5.29%,-10.13%,57.37%,-89.79%,-13.47,-57.7
688041 CH Equity,HYGON INFORMAT-A,619.41M,192.56,22.41,--,12.31%,Information Technology,527.62B,0.52%,12.74%,13.87%,36.36%,-5.97,90.79
688008 CH Equity,MONTAGE TECHNO-A,612.83M,71.24,12.35,89.42,18.38%,Information Technology,172.42B,1.40%,15.01%,0.27%,51.11%,-7.12,74.48
9992 HK Equity,POP MART INTERNA,607.31M,13.86,8.01,20.9,77.52%,Consumer Discretionary,204.78B,7.21%,66.81%,12.63%,260.00%,-41.18,8.2
300456 CH Equity,SAI MICROELECT-A,604.83M,--,5.86,--,25.28%,Information Technology,39.47B,-0.86%,-9.96%,19.70%,-75.62%,124.58,37.57
002222 CH Equity,CASTECH INC - A,581.96M,142.94,21.97,518.28,16.18%,Information Technology,38.41B,0.70%,14.64%,11.63%,53.75%,65.54,54.42
300059 CH Equity,EAST MONEY INF-A,579.00M,24.77,3.26,--,14.00%,Financials,299.49B,4.04%,5.05%,133.07%,-16.84%,-27.37,-0.67
600111 CH Equity,CHINA NORTHERN-A,558.49M,87.5,7.84,421.38,9.36%,Materials,187.26B,1.14%,7.97%,31.59%,60.57%,-1.3,26.88
002371 CH Equity,NAURA TECH GR -A,555.00M,54.24,9.5,--,19.33%,Information Technology,342.73B,1.84%,13.12%,42.05%,28.14%,7.98,143.56
600089 CH Equity,TBEA CO LTD-A,535.03M,25.21,1.95,--,7.98%,Industrials,135.06B,3.97%,3.07%,74.97%,32.22%,36.17,15.94
300014 CH Equity,EVE ENERGY-A,530.95M,32.26,3.19,--,10.35%,Industrials,136.55B,3.10%,4.95%,84.99%,43.70%,-19,29.5
000977 CH Equity,IEIT SYSTEMS-A,523.51M,38.63,4.55,--,12.41%,Information Technology,95.55B,2.59%,5.71%,124.91%,18.28%,-6.59,20.42
600010 CH Equity,INNER MONGOLIA-A,519.60M,128.37,2.49,--,1.96%,Materials,129.98B,0.78%,1.84%,86.16%,239.68%,12.99,1.07
600989 CH Equity,NINGXIA BAOFEN-A,519.16M,19.13,4.49,23.55,24.84%,Materials,217.29B,5.23%,16.30%,63.54%,37.78%,62.62,15.78
600519 CH Equity,KWEICHOW MOUTA-A,512.19M,20.36,7.11,22.27,36.39%,Consumer Staples,1.83T,4.91%,34.16%,5.55%,1.20%,3.87,-41.91
688205 CH Equity,WUXI TACLINK O-A,509.32M,530.12,16.87,--,3.14%,Information Technology,38.46B,0.19%,2.16%,5.79%,-46.30%,133.02,199.19
300442 CH Equity,RANGE INTELLIG-A,491.81M,25.95,8.88,--,42.18%,Information Technology,142.66B,3.85%,6.66%,110.75%,43.83%,73.71,35.35
600875 CH Equity,DONGFANG ELECT-A,478.77M,29.32,2.6,--,9.12%,Industrials,130.71B,3.41%,4.73%,55.46%,-2.71%,84.27,25.47
981 HK Equity,SEMICONDUCTOR-H,478.58M,92.34,2.65,--,3.26%,Information Technology,563.00B,1.08%,2.24%,35.97%,234.05%,-28.18,14.75
600276 CH Equity,JIANGSU HENGRU-A,473.40M,47.87,6.13,45.02,14.44%,Health Care,378.35B,2.09%,14.15%,0.12%,20.36%,-16.48,8.81
002709 CH Equity,GUANGZHOU TINC-A,468.62M,62.86,4.96,172.57,8.80%,Materials,89.47B,1.59%,7.33%,17.39%,369.02%,24.41,30.27
688048 CH Equity,SUZHOU EVERBRI-A,467.09M,--,13.42,--,-0.51%,Information Technology,40.55B,-0.04%,-1.41%,3.05%,52.59%,234.72,188.82
000938 CH Equity,UNISPLENDOUR C-A,452.01M,55.41,5.34,21.92,9.97%,Information Technology,77.28B,1.80%,4.19%,224.60%,55.95%,-7.75,1.54
688498 CH Equity,YUANJIE SEMICO-A,451.07M,505.87,41.44,--,8.67%,Information Technology,96.96B,0.20%,7.60%,3.77%,44.56%,193.03,1.12k
1211 HK Equity,BYD COMPANY,450.71M,24.78,3.56,--,16.25%,Consumer Discretionary,992.16B,4.04%,9.49%,56.71%,-50.32%,-5.91,-9.12
688012 CH Equity,ADVANCED MICRO-A,449.00M,94.97,8.84,105.17,9.95%,Information Technology,201.18B,1.05%,7.05%,3.32%,17.18%,9.66,134.67
603083 CH Equity,CIG SHANGHAI C-A,445.23M,117.52,5.47,--,5.40%,Information Technology,41.04B,0.85%,4.77%,31.39%,-56.28%,5.91,85.36
600183 CH Equity,SHENGYI TECH C-A,441.77M,50.7,9.26,275.23,18.80%,Information Technology,143.80B,1.97%,14.54%,39.48%,136.96%,5.11,39.97
002015 CH Equity,GCL ENERGY TEC-A,434.49M,42.67,2.23,--,5.36%,Utilities,28.26B,2.34%,3.45%,120.12%,10.99%,48.42,10.59
000063 CH Equity,ZTE CORP-A,417.22M,17.8,1.33,158.14,7.58%,Information Technology,159.06B,5.62%,3.29%,106.52%,94.63%,-31.62,4.86
600759 CH Equity,GEO-JADE PETRO-A,409.68M,54.18,2.57,--,4.87%,Energy,22.61B,1.85%,3.97%,10.78%,-28.12%,133.91,3.25
300418 CH Equity,KUNLUN TECH CO-A,408.60M,--,4.51,--,-11.30%,Communication Services,63.35B,-2.63%,-11.27%,8.09%,65.48%,8.84,19.93
603799 CH Equity,ZHEJIANG HUAYO-A,408.57M,16.87,2.28,--,14.34%,Industrials,112.86B,5.93%,7.28%,112.59%,94.61%,-8.25,31.94
000792 CH Equity,QINGHAI SALT-A,401.41M,23.2,4.4,23.04,20.79%,Materials,197.90B,4.31%,19.91%,2.33%,173.66%,70.08,20.66
600309 CH Equity,WANHUA CHEMIC-A,391.97M,24.76,2.61,--,11.19%,Materials,274.20B,4.04%,5.38%,146.81%,6.24%,29.32,29.41
002050 CH Equity,ZHEJIANG SANHU-A,391.54M,42.54,5.8,109.61,15.92%,Industrials,176.17B,2.35%,12.01%,26.05%,-12.88%,-3.65,21
002916 CH Equity,SHENNAN CIRCUI-A,391.48M,49.45,9.45,--,20.62%,Information Technology,165.52B,2.02%,15.63%,30.55%,145.27%,12.09,182.16
300166 CH Equity,BUSINESS INTEL-A,391.31M,--,3.12,--,-1.52%,Information Technology,18.25B,-0.47%,-1.20%,45.34%,99.93%,43.38,6.35
002466 CH Equity,TIANQI LITHIUM-A,386.64M,207.12,2.23,--,1.09%,Materials,95.03B,0.48%,3.80%,29.51%,98.17%,20.99,32.08
300782 CH Equity,MAXSCEND MICRO-A,377.69M,--,5.21,--,-1.92%,Information Technology,52.17B,-0.37%,-1.05%,27.64%,-83.93%,21.96,24.86
002149 CH Equity,WESTERN METAL -A,360.15M,255,7.8,439.81,3.04%,Materials,22.75B,0.39%,1.96%,60.24%,-64.51%,159.6,26.05
002506 CH Equity,GCL SYSTEM INT-A,356.70M,--,14.47,51.37,-26.78%,Information Technology,25.74B,-2.21%,-9.52%,420.00%,8.51%,71.87,2.25
002192 CH Equity,YOUNGY CO LTD-A,355.78M,68.04,5.37,255.96,8.09%,Materials,18.97B,1.47%,5.54%,5.39%,409.26%,83.91,46.45
175 HK Equity,GEELY AUTOMOBILE,355.64M,12.75,2.51,--,18.81%,Consumer Discretionary,263.30B,7.85%,11.97%,46.68%,60.69%,27.98,10.5
601012 CH Equity,LONGI GREEN EN-A,352.08M,--,2.23,--,-9.18%,Information Technology,128.22B,-4.31%,-6.40%,67.45%,33.15%,-8.04,2.09
301205 CH Equity,LINKTEL TECHNO-A,350.39M,286.47,20.32,--,7.34%,Information Technology,32.23B,0.35%,5.08%,42.86%,55.13%,143.76,186.74
2899 HK Equity,ZIJIN MINING-H,348.07M,16.31,4.56,20.64,31.83%,Materials,1.02T,6.13%,15.89%,67.27%,101.93%,8.32,21.81
2318 HK Equity,PING AN,347.69M,7.08,0.98,1.13,13.97%,Financials,1.18T,14.12%,6.30%,200.01%,52.31%,15.49,24.46
603019 CH Equity,DAWNING INFORM-A,346.25M,57.65,5.78,76.05,10.47%,Information Technology,121.88B,1.73%,6.50%,2.59%,15.92%,-26.46,20.47
601975 CH Equity,CSC NANJING-A,342.88M,18.09,2,20.24,11.68%,Energy,23.31B,5.53%,10.13%,5.91%,39.30%,58.6,1.98
603881 CH Equity,SHANGHAI ATHUB-A,342.66M,193.48,8.49,40.02,4.52%,Information Technology,28.02B,0.52%,3.21%,90.22%,-24.57%,11.89,14.97
600030 CH Equity,CITIC SECURITI-A,335.93M,12.69,1.27,2.34,10.67%,Financials,351.39B,7.88%,2.72%,267.67%,100.32%,-17.79,1.27
300033 CH Equity,HITHINK ROYALF-A,333.88M,36.94,12.46,32.49,36.70%,Financials,165.62B,2.71%,34.29%,0.00%,70.88%,-15.87,40.44
600330 CH Equity,TDG HOLDING-A,331.56M,1.12k,2.99,--,0.27%,Information Technology,24.30B,0.09%,-0.01%,21.53%,-86.23%,86.73,12.64
1024 HK Equity,KUAISHOU-W,330.77M,8.57,1.78,--,26.30%,Communication Services,195.99B,11.67%,20.40%,28.91%,96.92%,-46.34,-2.89
600150 CH Equity,CHINA CSSC HOL-A,328.46M,22.33,1.72,30.87,7.55%,Industrials,242.55B,4.48%,4.60%,29.23%,251.87%,-7.78,3.66
600176 CH Equity,CHINA JUSHI CO-A,324.23M,34.09,3.57,109.38,10.75%,Materials,112.09B,2.93%,8.23%,45.98%,-13.21%,64.15,18.01
600893 CH Equity,AECC AVIATION-A,323.32M,208.19,3.29,--,1.58%,Industrials,132.05B,0.48%,1.07%,90.80%,91.29%,17.67,17.24
1299 HK Equity,AIA,319.14M,19.08,2.74,20.08,14.89%,Financials,929.98B,5.24%,13.54%,46.22%,14.38%,19.76,41.01
601398 CH Equity,IND & COMM BK-A,318.89M,7.24,0.68,--,9.51%,Financials,2.50T,13.81%,3.65%,235.32%,29.83%,2.09,0.83
600036 CH Equity,CHINA MERCH BK-A,315.62M,6.88,0.9,--,13.44%,Financials,1.01T,14.53%,6.55%,115.03%,-6.04%,0.27,0.9
939 HK Equity,CCB-H,313.11M,5.72,0.56,--,10.07%,Financials,2.26T,17.48%,4.30%,227.73%,4.63%,18.13,2.75
300433 CH Equity,LENS TECHNOLOG-A,308.85M,37.51,2.82,--,7.75%,Information Technology,153.02B,2.67%,6.29%,18.92%,-17.69%,-6.68,11.73
000807 CH Equity,YUNNAN ALUM-A,308.43M,20.37,3.85,15.82,20.06%,Materials,123.32B,4.91%,18.89%,10.79%,140.44%,71.88,20.78
688158 CH Equity,UCLOUD TECHNOL-A,305.10M,--,8.75,--,-3.06%,Information Technology,21.05B,-0.35%,-7.69%,11.61%,95.71%,84.04,23.64
002001 CH Equity,ZHEJIANG NHU-A,303.64M,15.73,3.5,18.85,24.14%,Materials,113.41B,6.36%,17.78%,26.84%,-4.09%,50.07,17.17
002028 CH Equity,SIEYUAN ELECTR-A,294.19M,57.52,10.95,134.81,20.97%,Industrials,157.77B,1.74%,17.69%,17.95%,47.70%,83.19,138.64
002245 CH Equity,JIANGSU AZURE -A,289.53M,29.92,2.91,24,10.17%,Industrials,21.54B,3.34%,7.75%,26.10%,55.24%,-0.95,7.16
600869 CH Equity,FAR EAST SMART-A,289.52M,--,8.3,111.56,-1.17%,Industrials,35.47B,-0.14%,2.17%,172.60%,-51.41%,87.34,11.33
388 HK Equity,HKEX,288.29M,29,8.9,--,31.70%,Financials,517.53B,3.45%,27.87%,2.13%,12.90%,-6.73,113.68
301217 CH Equity,ANHUI TONGGUAN-A,287.71M,3.41k,6.57,--,0.12%,Materials,35.69B,0.03%,0.56%,22.71%,-7.09k%,44.99,33.1
688270 CH Equity,GREAT MICROWAV-A,285.87M,309.49,14.24,865.53,4.80%,Information Technology,31.76B,0.32%,4.64%,0.05%,661.51%,119.08,108.39
301171 CH Equity,EASY CLICK WOR-A,283.07M,136.95,5.86,86.61,4.35%,Communication Services,21.77B,0.73%,1.44%,15.99%,-21.32%,38.82,23.45
300661 CH Equity,SG MICRO CORP-A,282.34M,90.06,9.34,208.77,11.05%,Information Technology,49.45B,1.11%,9.89%,7.84%,-7.47%,-1.34,2.87
600900 CH Equity,CHINA YANGTZE-A,282.08M,19.77,2.92,14.73,15.14%,Utilities,645.72B,5.06%,7.11%,123.91%,-8.34%,-4.07,-1.9
600821 CH Equity,NYOCOR CO LTD-A,281.53M,25.87,1.65,--,6.48%,Utilities,15.92B,3.87%,3.38%,230.42%,-53.58%,38.83,2.67
603296 CH Equity,HUAQIN CO LTD-A,276.92M,24.76,3.9,--,16.77%,Information Technology,100.61B,4.04%,7.44%,117.85%,24.12%,1.49,35.63
603588 CH Equity,BEIJING GEOENV-A,268.61M,23.12,2.74,--,12.46%,Industrials,28.10B,4.33%,7.64%,114.36%,163.01%,123.37,11.74
000333 CH Equity,MIDEA GROUP CO-A,266.19M,13.28,2.6,31.17,19.98%,Consumer Discretionary,580.57B,7.53%,11.35%,40.07%,-21.02%,5.75,9.54
002716 CH Equity,HUNAN SILVE-A,259.93M,100.18,10.12,74.84,9.97%,Materials,34.07B,1.00%,6.11%,38.59%,89.18%,70,8.45
688726 CH Equity,LAPLACE RENEWA-A,259.52M,31.57,5.88,--,21.98%,Information Technology,23.63B,3.17%,17.23%,13.44%,-46.84%,24.04,21.87
600489 CH Equity,ZHONGJIN GOLD-A,255.25M,30.45,4.61,39.29,15.83%,Materials,134.66B,3.28%,12.43%,57.32%,32.29%,17.71,14.26
300113 CH Equity,HANGZHOU SHUNF-A,255.17M,52.2,7.55,58.61,15.54%,Communication Services,19.06B,1.92%,14.19%,3.03%,19.97%,10.72,11.45
300666 CH Equity,KONFOONG MATER-A,254.46M,80.9,8.56,--,11.09%,Information Technology,41.65B,1.24%,4.78%,82.20%,28.41%,57,86.94
601208 CH Equity,SICHUAN EM-A,252.82M,136.7,5.64,--,4.29%,Materials,33.88B,0.73%,3.07%,55.88%,13.03%,72.46,25.7
002714 CH Equity,MUYUAN FOODS C-A,251.16M,15.41,3.08,12.86,20.69%,Consumer Staples,250.00B,6.49%,12.36%,89.42%,-94.02%,-16.21,2.45
600547 CH Equity,SHANDONG GOLD-A,250.38M,44.08,6.15,29.32,12.33%,Materials,179.46B,2.27%,6.37%,110.86%,89.75%,0.52,11.87
300870 CH Equity,SHENZHEN HONOR-A,249.74M,94.66,12.29,122.13,14.09%,Industrials,32.71B,1.06%,8.98%,53.12%,33.22%,44.44,213.4
688110 CH Equity,DOSILICON CO L-A,245.81M,--,16.06,--,-5.75%,Information Technology,50.81B,-0.37%,-4.96%,0.78%,23.56%,20.29,89.74
300438 CH Equity,GUANGZHOU GREA-A,245.05M,--,5.16,--,-3.74%,Industrials,26.87B,-0.74%,-2.12%,116.23%,1.69k%,46.64,34.03
600584 CH Equity,JCET GROUP CO-A,244.60M,48.52,2.66,--,5.56%,Information Technology,74.99B,2.06%,4.06%,40.90%,17.14%,-4.25,11.27
605117 CH Equity,NINGBO DEYE TE-A,243.70M,36.24,11.18,43.7,32.08%,Industrials,115.40B,2.76%,20.22%,58.43%,7.71%,70.04,84.62
600406 CH Equity,NARI TECHNOLOG-A,241.60M,25.7,4.24,15.72,16.77%,Industrials,208.50B,3.89%,15.10%,5.30%,9.37%,10.33,3.71
601127 CH Equity,SERES GROUP CO-A,240.60M,24.2,3.77,5.93,22.40%,Consumer Discretionary,152.22B,4.13%,7.82%,105.36%,-61.14%,-47.07,-35.55
300738 CH Equity,GUANGDONG AOFE-A,239.21M,135.88,6.25,--,4.83%,Information Technology,22.31B,0.74%,3.99%,199.28%,76.21%,8.84,0.27
002038 CH Equity,BEIJING SL -A,238.18M,96.1,1.33,--,1.48%,Health Care,7.58B,1.04%,1.45%,0.33%,-75.19%,2.07,1.16
603256 CH Equity,GRACE FABRIC T-A,236.32M,324.21,42.23,--,10.18%,Materials,68.93B,0.31%,6.83%,58.67%,275.38%,125.38,73.54
301526 CH Equity,CHONGQING POLY-A,234.26M,769.99,5.75,--,0.93%,Materials,47.21B,0.13%,1.12%,109.31%,--,102.59,9.43
300085 CH Equity,SHENZHEN INFO-A,232.75M,--,51.2,--,-22.73%,Information Technology,25.64B,-0.49%,-12.85%,63.17%,55.16%,-27.36,5.4
300303 CH Equity,SHENZHEN JUFEI-A,231.44M,44.34,3.86,146.36,9.29%,Information Technology,14.49B,2.26%,5.87%,34.78%,-9.74%,46.98,4.6
688630 CH Equity,CIRCUIT FABOLO-A,230.00M,111.24,13.98,2.42k,13.27%,Information Technology,32.26B,0.90%,11.37%,10.01%,4.07k%,78.89,182.43
300803 CH Equity,BEIJING COMPAS-A,228.10M,258.02,21.57,21.12,9.05%,Financials,60.16B,0.39%,1.89%,36.20%,-93.85%,-36.02,45.89
603127 CH Equity,JOINN LABORATO-A,223.73M,94.26,3.33,73.73,3.63%,Health Care,25.57B,1.06%,2.78%,0.26%,-71.29%,9.79,20.52
857 HK Equity,PETROCHINA-H,223.63M,10.88,1.08,13.71,10.14%,Energy,2.47T,9.19%,7.73%,20.40%,4.12%,48.14,6.31
603501 CH Equity,OMNIVISION INTEG,223.22M,27.88,4.01,70.89,15.45%,Information Technology,117.61B,3.59%,10.79%,34.76%,-9.77%,-33.32,-27.14
1378 HK Equity,CHINA HONGQIAO,222.39M,14.36,2.57,15.03,18.83%,Materials,389.98B,6.96%,12.78%,52.23%,-31.69%,50.57,27.99
300759 CH Equity,PHARMARON BEIJ-A,221.08M,32.59,3.61,125.47,11.60%,Health Care,51.57B,3.07%,8.10%,44.73%,-44.86%,-7.65,8.84
002648 CH Equity,SATELLITE CHEM-A,220.62M,18.2,2.89,13.41,16.64%,Materials,97.15B,5.49%,10.72%,75.41%,0.45%,46.03,12.99
002938 CH Equity,AVARY HOLDING -A,216.10M,34.41,3.78,232.25,11.28%,Information Technology,128.88B,2.91%,9.43%,12.59%,-19.05%,2.68,30.19
600482 CH Equity,CHINA SHIPBUIL-A,216.07M,44.54,2.06,7.35,4.75%,Industrials,83.38B,2.25%,5.10%,17.91%,-3.46%,61.03,19.59
000065 CH Equity,NORINCO INTL -A,213.08M,22.31,1.57,41.75,7.04%,Industrials,17.41B,4.48%,4.22%,53.32%,-24.22%,33.13,4.67
002179 CH Equity,JONHON OPTRONIC,211.81M,35.82,3.22,--,9.03%,Information Technology,78.09B,2.79%,6.80%,23.59%,-50.29%,-9.72,-5.09
601689 CH Equity,NINGBO TUOPU G-A,210.77M,36.37,4.21,111.55,12.73%,Consumer Discretionary,101.37B,2.75%,8.49%,45.24%,0.06%,-19.88,12.9
603026 CH Equity,SHIDA SHINGHWA-A,210.70M,--,3.67,--,0.36%,Materials,18.02B,-0.04%,0.51%,76.03%,1.03k%,57.58,51.51
600031 CH Equity,SANY HEAVY IND-A,207.83M,20.9,2.15,7.82,10.49%,Industrials,189.10B,4.78%,6.86%,33.42%,18.55%,-8.83,2.33
688516 CH Equity,WUXI AUTOWELL -A,207.32M,44.87,5.9,110.82,12.06%,Information Technology,22.35B,2.23%,5.55%,103.24%,-85.39%,46.3,39.03
002378 CH Equity,CHONGYI ZHANG-A,206.32M,173.64,17.14,119.78,9.91%,Materials,38.39B,0.58%,6.02%,124.28%,108.31%,156.21,25.52
DBS SP Equity,DBS GROUP HLDGS,206.30M,14.85,2.36,--,15.88%,Financials,162.67B,6.73%,4.53%,230.49%,-9.94%,9.21,21.11
002487 CH Equity,DAJIN HEAVY IN-A,204.16M,42.07,5.6,--,14.19%,Industrials,46.36B,2.38%,9.66%,38.22%,-6.69%,45.76,54.63
3988 HK Equity,BANK OF CHINA-H,204.08M,5.6,0.52,--,8.99%,Financials,1.98T,17.87%,3.38%,249.58%,-11.17%,22.92,1.12
002241 CH Equity,GOERTEK INC -A,203.56M,27.95,2.31,--,8.55%,Information Technology,84.00B,3.58%,5.10%,68.76%,16.22%,-33.62,3.99
000762 CH Equity,TIBET MINERAL-A,203.27M,--,5.45,--,-1.02%,Materials,16.04B,-0.19%,-2.31%,40.31%,42.74%,23.25,15.4
002051 CH Equity,CHINA CAMC -A,202.04M,49.13,1.23,28.32,2.48%,Industrials,14.23B,2.04%,1.25%,17.66%,41.42%,36.58,2.86
300827 CH Equity,SINENG ELECTRI-A,199.69M,44.41,7.87,--,19.22%,Industrials,20.95B,2.25%,8.36%,170.83%,-23.71%,19.04,18.61
002230 CH Equity,IFLYTEK CO LTD-A,196.38M,125.16,6.13,222.98,4.88%,Information Technology,109.14B,0.80%,3.15%,62.51%,28.59%,-15.65,3.59
2628 HK Equity,CHINA LIFE-H,196.19M,4.21,1.09,--,27.89%,Financials,1.08T,23.76%,10.06%,74.07%,91.60%,19.31,15.1
300102 CH Equity,XIAMEN CHANGEL-A,196.10M,246.72,6.54,69.74,2.72%,Information Technology,28.81B,0.41%,2.15%,30.43%,-85.95%,158.04,20.58
601888 CH Equity,CHINA TOURISM-A,195.80M,39.17,2.53,68.13,6.49%,Consumer Discretionary,139.64B,2.55%,4.89%,8.29%,180.15%,-0.73,0.23
600219 CH Equity,SHANDONG NANSH-A,195.42M,15.32,1.46,17.97,9.48%,Materials,72.58B,6.53%,8.80%,9.82%,-45.65%,60.21,3.43
301511 CH Equity,JIUJIANG DEFU -A,194.94M,1.08k,6.98,--,0.63%,Industrials,28.36B,0.09%,2.32%,160.65%,--,31.13,31.27
600259 CH Equity,CHINA RARE EAR-A,194.93M,252.12,9.2,40.33,3.72%,Materials,32.12B,0.40%,-0.62%,61.55%,-4.86%,61.93,57.92
300760 CH Equity,SHENZHEN MINDR-A,194.89M,23.29,4.97,23.37,22.00%,Health Care,189.50B,4.29%,19.34%,0.81%,-45.31%,-34.99,-54.32
300672 CH Equity,GOKE MICROELEC-A,194.44M,1.01k,8.56,--,0.85%,Information Technology,34.84B,0.10%,0.30%,66.25%,-87.23%,78.11,103.62
300199 CH Equity,HYBIO PHARMACE-A,190.45M,--,28.29,437.79,-9.95%,Health Care,18.36B,-0.36%,0.88%,289.21%,-188.28%,-1.52,8.93
300953 CH Equity,NINGBO ZHENYU -A,188.76M,60.57,7.37,--,14.19%,Industrials,31.84B,1.65%,6.56%,124.78%,354.83%,5.49,102.01
603619 CH Equity,ZHONGMAN PETRO-A,187.30M,32.11,3.78,129.65,12.44%,Energy,16.46B,3.11%,9.07%,97.51%,-40.74%,81.22,20.76
000630 CH Equity,TONGLING NONFE-A,186.95M,41.7,2.22,--,5.30%,Materials,81.80B,2.40%,3.75%,66.97%,-34.63%,4.81,3.33
000950 CH Equity,CQ PHARMACEUTI-A,186.73M,28.86,0.92,--,3.26%,Health Care,10.71B,3.46%,1.93%,161.27%,63.99%,20.5,1.33
1801 HK Equity,INNOVENT BIOLOGI,186.39M,153.67,6.86,60.21,5.01%,Health Care,152.26B,0.65%,6.08%,14.55%,-173.78%,-6.6,44.45
600158 CH Equity,CHINA SPORTS-A,186.28M,614.7,4.39,44.17,0.71%,Real Estate,11.42B,0.16%,1.74%,6.08%,54.15%,29.63,3.53
600066 CH Equity,YUTONG BUS CO-A,185.34M,14.98,5.33,33.6,38.27%,Industrials,83.20B,6.67%,36.61%,1.49%,43.18%,27.82,14.1
000100 CH Equity,TCL TECHNOLOGY-A,184.72M,18.54,1.45,3.13,7.88%,Information Technology,89.24B,5.39%,0.56%,128.23%,85.80%,-1.61,0.38
300251 CH Equity,BEIJING ENLIGH-A,182.61M,21.76,4.4,30.44,22.05%,Communication Services,47.32B,4.60%,20.78%,0.55%,312.96%,-5.67,-3.99
941 HK Equity,CHINA MOBILE-H,182.51M,11.13,1.09,12.43,9.72%,Communication Services,1.77T,8.99%,7.97%,8.26%,41.25%,-4.83,5.76
600186 CH Equity,LOTUS HOLDINGS C,181.87M,44.87,7.03,21.1,16.03%,Consumer Staples,13.39B,2.23%,12.21%,54.12%,42.97%,30.59,0.3
601211 CH Equity,GUOTAI HAITONG S,181.13M,8.1,0.9,--,11.51%,Financials,274.13B,12.35%,1.90%,280.98%,-30.34%,-12.56,0.92
688766 CH Equity,PUYA SEMICONDU-A,179.07M,170.63,14.87,--,8.95%,Information Technology,35.94B,0.59%,6.40%,4.13%,155.58%,122.74,188.99
002400 CH Equity,GUANGDONG ADV -A,178.69M,166.37,2.99,--,1.81%,Communication Services,14.96B,0.60%,1.66%,66.12%,8.03%,1.66,1.76
601601 CH Equity,CHINA PACIFIC-A,178.21M,6.89,1.22,61.5,18.03%,Financials,343.64B,14.52%,10.20%,72.81%,18.29%,9.21,9.33
603308 CH Equity,ANHUI YINGLIU -A,177.43M,130.85,9.18,--,7.32%,Industrials,46.65B,0.76%,3.99%,121.24%,40.68%,104.04,54.49
601669 CH Equity,POWER CONSTRUC-A,176.65M,10.32,0.68,--,6.86%,Industrials,98.02B,9.69%,2.52%,214.20%,67.04%,-1.9,1
688111 CH Equity,BEIJING KINGSO-A,176.14M,58.72,8.4,43.27,15.17%,Information Technology,108.05B,1.70%,11.18%,0.29%,11.24%,-21.48,-65.08
300773 CH Equity,LAKALA PAYMENT-A,173.96M,103.6,5.24,46.1,4.97%,Financials,18.54B,0.97%,4.48%,18.07%,-9.04%,-0.53,8.14
603306 CH Equity,HMT XIAMEN NEW-A,172.85M,120.12,9.51,--,7.21%,Consumer Discretionary,31.98B,0.83%,5.50%,45.70%,-46.54%,88.25,71.68
300408 CH Equity,CHAOZHOU THREE-A,172.59M,42.74,5.17,43.68,12.61%,Information Technology,112.27B,2.34%,10.96%,7.87%,16.16%,26.47,25.44
300065 CH Equity,BEIJING HIGHLA-A,172.46M,460.1,9.91,--,2.18%,Information Technology,17.43B,0.22%,2.46%,2.46%,-49.41%,23.53,10.68
688146 CH Equity,PERIC SPECIAL GA,172.29M,97.16,5.37,--,5.67%,Materials,30.45B,1.03%,4.52%,9.59%,19.30%,33.96,33.11
002176 CH Equity,JIANGXI SPECIA-A,171.05M,--,5.27,--,-9.82%,Industrials,17.90B,-1.96%,-7.77%,55.12%,-34.10%,5.32,3.89
688519 CH Equity,NANYA NEW MATE-A,170.81M,131.77,10.95,--,9.06%,Information Technology,31.50B,0.76%,6.97%,40.59%,6.59k%,70.69,107.97
601336 CH Equity,NEW CHINA LIFE-A,169.59M,3.53,1.15,0.83,34.92%,Financials,170.02B,28.30%,11.35%,200.92%,-66.01%,-1.52,16.42
600654 CH Equity,CHINA SECURITY-A,169.38M,61.61,7.45,144.84,12.31%,Information Technology,12.89B,1.62%,-123.60%,16.40%,86.32%,37.42,1.2
300124 CH Equity,SHENZHEN INOVA-A,167.42M,34.13,5.2,41.4,17.04%,Industrials,178.79B,2.93%,11.09%,36.36%,7.73%,-21.69,3.82
3993 HK Equity,CMOC-H,167.40M,17.32,4.18,30.08,26.61%,Materials,455.56B,5.77%,17.71%,31.68%,24.20%,12.48,13.9
600690 CH Equity,HAIER SMART H-A,166.88M,9.93,1.64,12.68,16.97%,Consumer Discretionary,185.32B,10.07%,10.04%,52.78%,-47.40%,-18.32,-3.62
600641 CH Equity,SHANGHAI VITAL M,165.77M,121.54,2.35,--,-1.55%,Real Estate,19.60B,0.82%,0.34%,30.17%,69.75%,-1.4,7.65
600426 CH Equity,SHANDONG HUALU-A,165.67M,24.8,2.49,453.84,10.35%,Materials,82.27B,4.03%,8.66%,31.96%,12.89%,44.86,17.69
2382 HK Equity,SUNNY OPTICAL,165.29M,12.61,2.02,23.34,17.21%,Information Technology,66.52B,7.93%,11.40%,45.61%,89.90%,-27.13,1.19
688372 CH Equity,SHANGHAI V-TES-A,164.10M,84.24,7.97,--,9.96%,Information Technology,25.60B,1.19%,6.45%,115.73%,96.35%,85.24,94.87
600056 CH Equity,CHINA MEHECO C-A,164.04M,29.8,1.37,27.8,4.37%,Health Care,16.19B,3.36%,3.47%,55.15%,172.06%,-4.25,1.01
2269 HK Equity,WUXI BIOLOGICS C,162.65M,25.45,2.71,79.7,11.02%,Health Care,147.05B,3.93%,10.40%,5.85%,30.32%,-6.13,16.84
000975 CH Equity,SHANJIN INTERN-A,162.61M,29.21,5.82,25.36,21.30%,Materials,86.83B,3.42%,17.90%,13.36%,34.63%,32.95,11.66
601688 CH Equity,HUATAI SECURIT-A,161.88M,10.79,0.93,5.02,9.25%,Financials,154.28B,9.27%,2.18%,235.74%,36.14%,-22.19,3.65
600667 CH Equity,WUXI TAIJI IND-A,160.29M,34.09,2.33,28.4,6.92%,Information Technology,20.14B,2.93%,4.15%,61.07%,-15.41%,9.93,3.42
600867 CH Equity,TONGHUA DONGBA-A,160.24M,15.38,2.65,80.62,18.09%,Health Care,18.90B,6.50%,4.36%,11.01%,-14.12%,12.87,3.01
688106 CH Equity,JINHONG GAS CO-A,160.13M,100.95,4.23,--,4.26%,Materials,13.80B,0.99%,2.97%,99.32%,-27.90%,32.08,9.37
601698 CH Equity,CHINA SATELLIT-A,157.54M,311.56,8.6,574.21,2.78%,Communication Services,137.50B,0.32%,1.81%,0.50%,56.25%,53.54,13.21
300170 CH Equity,HAND ENTERPRIS-A,156.96M,99.59,3.73,105.37,3.77%,Information Technology,20.59B,1.00%,3.18%,8.30%,12.77%,10.39,4.07
300468 CH Equity,SHENZHEN FORMS-A,156.74M,214.98,9.7,64.81,4.52%,Information Technology,15.97B,0.47%,3.93%,0.30%,-48.58%,-20.18,12.77
000858 CH Equity,WULIANGYE YIBI-A,155.85M,14.01,2.79,13.34,20.39%,Consumer Staples,398.25B,7.14%,18.96%,0.84%,-65.26%,-13.03,-25.97
601117 CH Equity,CHINA NATIONAL-A,154.33M,8.57,0.82,--,9.94%,Industrials,55.33B,11.67%,7.06%,41.60%,49.18%,18.83,2.23
000833 CH Equity,GUANGXI YUEGUI-A,154.12M,39.79,4.85,--,12.81%,Consumer Staples,19.10B,2.51%,9.09%,36.91%,-11.02%,73.04,12.93
603220 CH Equity,CHINA BESTER G-A,153.28M,137.37,5.64,--,4.15%,Communication Services,14.48B,0.73%,3.72%,170.06%,-9.65%,8.83,3.83
600986 CH Equity,ZHEWEN INTERAT-A,152.72M,194.85,2.96,--,1.66%,Communication Services,15.48B,0.51%,1.41%,39.99%,-39.81%,32.27,2.91
601100 CH Equity,JIANGSU HENGLI-A,152.60M,48.41,7.96,92.95,17.46%,Industrials,135.69B,2.07%,15.13%,0.09%,-16.70%,3.34,28.55
688343 CH Equity,SHENZHEN INTEL-A,152.14M,--,7.69,134.23,-11.43%,Information Technology,30.01B,-1.52%,-9.80%,27.29%,25.73%,1.35,32.89
601126 CH Equity,BEIJING SIFANG-A,151.09M,44,7.45,35.27,17.51%,Industrials,36.48B,2.27%,11.81%,32.25%,-6.19%,94.4,29.2
603118 CH Equity,SHENZHEN GONGJ-A,149.32M,--,2.25,470.1,-0.15%,Information Technology,11.34B,-0.05%,0.79%,84.33%,-49.69%,8.67,5.26
601166 CH Equity,INDUSTRIAL BAN-A,148.48M,5.36,0.48,--,9.16%,Financials,393.63B,18.67%,2.69%,439.56%,-2.52%,-2.7,-0.78
300762 CH Equity,JUSHRI TECHNOL-A,148.44M,--,9.81,--,-3.41%,Information Technology,22.91B,-0.35%,-2.66%,44.52%,42.44%,49.69,16.6
600930 CH Equity,HUADIAN NEW EN-A,148.19M,24.58,2.56,--,10.90%,Utilities,251.54B,4.07%,3.70%,230.71%,-10.86%,-6.04,--
002929 CH Equity,RUNJIAN CO - A,148.18M,--,2.36,20.93,-0.59%,Industrials,15.24B,-0.25%,-0.08%,169.59%,-60.50%,13.76,4.7
301018 CH Equity,GUANGDONG SHEN-A,148.15M,227.72,10.46,--,4.70%,Industrials,27.75B,0.44%,3.58%,55.38%,77.45%,53.77,77.46
002600 CH Equity,LINGYI ITECH -A,145.51M,41.18,4.04,--,10.43%,Information Technology,97.12B,2.43%,6.98%,68.48%,-50.68%,-17.03,6.59
600331 CH Equity,SICHUAN HONGDA-A,144.81M,--,13.88,--,-4.20%,Materials,43.74B,-0.22%,-3.16%,0.00%,-5.80%,53.9,9.72
001203 CH Equity,DAZHONG MINING C,144.51M,84.41,8.68,--,10.31%,Materials,58.55B,1.18%,6.38%,118.74%,5.17%,194,31.47
2020 HK Equity,ANTA SPORTS,144.38M,14.72,3.06,10.9,21.31%,Consumer Discretionary,230.86B,6.79%,13.47%,43.87%,33.09%,-5.66,4.41
002498 CH Equity,QINGDAO HANHE-A,143.87M,46.99,2.99,--,6.54%,Industrials,25.72B,2.13%,3.62%,31.66%,-12.87%,106.13,4.58
002074 CH Equity,GOTION HIGH-A,143.56M,19.09,2.25,--,12.42%,Industrials,64.00B,5.24%,4.75%,174.74%,-30.46%,-20.52,19.28
688396 CH Equity,CHINA RESOURCE-A,143.55M,82.16,2.87,72.04,3.51%,Information Technology,65.79B,1.22%,3.91%,0.52%,-36.30%,-9.78,4.27
300568 CH Equity,SHENZHEN SENIO-A,143.30M,662.82,2.11,--,0.37%,Materials,20.74B,0.15%,1.39%,112.77%,-71.25%,8.6,6.88
301392 CH Equity,GUANGDONG HUIC-A,142.51M,676.53,19.83,214.45,2.91%,Industrials,14.38B,0.15%,3.23%,8.08%,-40.62%,-8.16,48.3
300077 CH Equity,NATIONS TECHNO-A,141.00M,--,14.16,--,-12.09%,Information Technology,14.12B,-0.90%,-2.00%,177.99%,42.87%,-7.88,-2.14
000408 CH Equity,ZANGGE MINING-A,140.90M,34.19,8.13,36.92,25.59%,Materials,132.02B,2.92%,9.57%,1.78%,42.85%,38.52,51.15
002840 CH Equity,ZHEJIANG HUATO-A,140.73M,99.18,2.59,--,2.91%,Consumer Staples,10.41B,1.01%,2.98%,118.47%,-6.73%,19.41,0.84
601985 CH Equity,CHINA NATIONAL-A,139.14M,22.85,1.55,--,7.43%,Utilities,178.94B,4.38%,3.29%,190.71%,-29.01%,-3.01,-0.38
300184 CH Equity,WUHAN P&S INFO-A,138.49M,86.62,3.25,--,3.95%,Information Technology,13.31B,1.15%,3.52%,29.35%,34.43%,1.58,2.5
000688 CH Equity,GUOCHENG MININ-A,137.56M,41.96,18.16,524.35,38.50%,Materials,47.24B,2.38%,16.21%,112.15%,285.00%,159.84,30.49
688097 CH Equity,BOZHON PRECISI-A,137.09M,58.99,5.98,42.24,10.53%,Industrials,28.37B,1.70%,4.73%,62.81%,-15.57%,83.77,39.29
002536 CH Equity,FEILONG AUTO-A,137.02M,60.86,5.52,--,9.28%,Consumer Discretionary,19.29B,1.64%,6.59%,44.10%,-65.71%,36.92,22.35
603667 CH Equity,ZHEJIANG XCC G-A,136.69M,273.92,8.3,--,3.10%,Industrials,24.76B,0.37%,3.03%,45.24%,4.30%,53.24,38.5
300821 CH Equity,SHANDONG DONGY-A,136.60M,--,3.27,82.51,-0.39%,Materials,16.12B,-0.12%,-0.29%,0.00%,-78.35%,45.03,6.25
688223 CH Equity,JINKO SOLAR CO-A,136.34M,--,2.26,60.5,-16.33%,Information Technology,66.13B,-7.85%,-5.74%,147.50%,-74.15%,13.98,0.58
688700 CH Equity,KUNSHAN DONGWE-A,135.95M,201.28,9.76,445.51,4.89%,Industrials,17.56B,0.50%,3.79%,11.04%,256.53%,57.54,26.7
000636 CH Equity,GUANGDONG FENG-A,134.76M,74.8,1.83,--,2.44%,Information Technology,22.83B,1.34%,1.43%,12.99%,11.77%,25.91,7.46
300131 CH Equity,SHENZHEN YITOA-A,134.43M,364.59,8.25,6.16k,2.28%,Information Technology,14.59B,0.27%,2.66%,45.76%,-23.81%,19.2,8.81
002947 CH Equity,SUZHOU HENGMIN-A,134.35M,31.51,5.37,26.71,16.95%,Information Technology,16.74B,3.17%,14.33%,18.76%,-15.06%,37.01,39.3
601677 CH Equity,HENAN MINGTAI -A,134.00M,12.42,1.15,17.02,9.70%,Materials,21.96B,8.05%,7.30%,27.83%,36.48%,20.56,6.08
601908 CH Equity,BEIJING JINGYU-A,133.63M,--,1.18,13.45,-12.56%,Information Technology,10.36B,-11.43%,-9.23%,28.84%,81.88%,2.14,1.69
300693 CH Equity,SHENZHEN SINEX-A,133.19M,31.65,7.67,26.42,23.89%,Industrials,15.12B,3.16%,18.28%,21.09%,28.38%,18.54,17.4
603288 CH Equity,FOSHAN HAITIAN-A,131.53M,33.21,5.82,36.31,19.49%,Consumer Staples,238.33B,3.01%,17.63%,0.68%,2.79%,5.61,0.6
300316 CH Equity,ZHEJIANG JINGS-A,130.82M,119.25,3.1,1.31k,2.61%,Information Technology,54.20B,0.84%,1.54%,13.71%,-72.68%,-2.68,14.07
002497 CH Equity,SICHUAN YAHUA-A,129.98M,61.47,2.48,--,4.10%,Materials,26.87B,1.63%,3.20%,10.11%,449.56%,53.46,13.51
000001 CH Equity,PING AN BANK-A,128.39M,4.98,0.48,--,9.91%,Financials,215.41B,20.10%,4.12%,300.80%,-15.82%,-0.88,0.78
300723 CH Equity,APICHOPE PHARMAC,127.65M,--,9.25,--,-21.85%,Health Care,16.19B,-2.65%,-11.46%,118.97%,-136.53%,-38.49,6.7
002183 CH Equity,ETERNAL ASIA -A,127.18M,177.88,1.61,--,0.88%,Industrials,14.88B,0.56%,1.10%,302.48%,28.42%,7.3,1
000425 CH Equity,XCMG CONSTRUCT-A,127.09M,18.77,2.08,34.31,11.19%,Industrials,124.54B,5.33%,5.93%,122.50%,42.72%,-5.27,2.29
603516 CH Equity,BEIJING TRICOL-A,126.76M,5.52k,21.64,1.96k,0.37%,Information Technology,30.13B,0.02%,-0.67%,3.10%,-21.45%,-7.93,112.3
601778 CH Equity,JINKO POWER TE-A,126.24M,39.49,1.13,20.05,2.89%,Utilities,18.15B,2.53%,2.35%,109.06%,8.49%,32.98,2.46
600550 CH Equity,BAODING TIANWE-A,125.96M,178.21,35.78,87.55,23.00%,Industrials,28.01B,0.56%,4.97%,326.56%,-73.98%,72.84,7.9
300747 CH Equity,WUHAN RAYCUS F-A,125.32M,132.79,5.4,29.3,4.12%,Information Technology,18.23B,0.75%,3.30%,21.04%,112.11%,22.12,13.73
601360 CH Equity,360 SECURITY T-A,123.53M,--,2.56,169.21,-2.13%,Information Technology,75.18B,-0.86%,-2.34%,5.93%,11.42%,-3.07,1.25
600104 CH Equity,SAIC MOTOR-A,122.86M,15.87,0.54,7.18,3.45%,Consumer Discretionary,161.16B,6.30%,1.37%,64.16%,275.52%,-18.16,-0.83
000651 CH Equity,GREE ELECTRIC-A,122.78M,6.61,1.45,3.5,23.40%,Consumer Discretionary,209.04B,15.13%,12.27%,72.29%,-6.76%,-5.3,-3.86
688717 CH Equity,SOLAX POWER NE-A,122.66M,90.82,3.87,--,4.27%,Industrials,17.61B,1.10%,1.21%,19.87%,-88.48%,49,71.7
601877 CH Equity,ZHEJIANG CHINT-A,119.23M,15.34,1.59,3.46,10.66%,Industrials,70.38B,6.52%,7.26%,101.54%,5.12%,5.71,12.86
002422 CH Equity,SICHUAN KELUN-A,119.07M,31.92,2.25,49.62,7.29%,Health Care,54.54B,3.13%,5.67%,14.84%,-16.18%,-3.25,0.03
688390 CH Equity,GOODWE TECHNOL-A,118.97M,2.05k,7.35,--,0.38%,Industrials,19.98B,0.05%,-0.51%,82.34%,32.79%,34.79,41.7
601668 CH Equity,CHINA STATE -A,118.44M,4.62,0.43,--,9.58%,Industrials,204.95B,21.64%,4.22%,110.60%,8.19%,-11.59,-0.19
992 HK Equity,LENOVO GROUP,117.40M,10.45,2.21,8.84,23.42%,Information Technology,122.56B,9.57%,16.90%,106.82%,-20.83%,-18.58,2.48
300296 CH Equity,LEYARD OPTOELE-A,117.36M,--,2.54,27.03,-9.69%,Information Technology,20.53B,-4.13%,-7.98%,20.33%,102.20%,2.85,1.96
002897 CH Equity,WENZHOU YIHUA-A,117.09M,77.48,4.72,--,6.13%,Information Technology,12.96B,1.29%,4.22%,86.36%,70.80%,39.85,31.02
002415 CH Equity,HANGZHOU HIKVI-A,116.48M,21.46,3.6,24.35,16.99%,Information Technology,281.91B,4.66%,14.73%,8.60%,16.83%,-9.29,4.05
600160 CH Equity,ZHEJIANG JUHUA-A,115.79M,23.71,4.58,42.89,21.07%,Materials,93.68B,4.22%,16.28%,28.09%,187.26%,-14.13,11.47
1093 HK Equity,CSPC PHARMACEUTI,115.38M,23.38,2.65,25.98,11.86%,Health Care,104.97B,4.28%,10.79%,1.86%,23.66%,-2.88,4.37
300035 CH Equity,HUNAN ZHONGKE-A,115.26M,29.44,3.13,--,11.02%,Industrials,15.35B,3.40%,8.28%,80.11%,21.12%,-2.44,8.9
002049 CH Equity,UNIGROUP GUOXI-A,115.18M,40.25,4.33,131.61,11.24%,Information Technology,58.18B,2.48%,9.84%,16.39%,193.92%,-20.59,0.3
688536 CH Equity,3PEAK INC-A,114.84M,141.59,4.05,1.35k,3.00%,Information Technology,25.45B,0.71%,2.22%,1.05%,-75.12%,14.49,62.79
603893 CH Equity,ROCKCHIP ELEC-A,114.63M,65.84,15.93,--,26.88%,Information Technology,67.51B,1.52%,24.64%,4.53%,44.31%,-22.01,27.11
1088 HK Equity,CHINA SHENHUA-H,113.87M,14.54,1.91,27.31,12.98%,Energy,1.14T,6.88%,11.01%,8.04%,10.12%,18.02,19.43
688141 CH Equity,JOULWATT TECHN-A,113.38M,--,18.67,--,-39.92%,Information Technology,28.47B,-2.52%,-18.89%,126.84%,-164.58%,12.91,36.19
002352 CH Equity,S F HOLDING CO-A,112.93M,16.83,1.89,10.42,11.62%,Industrials,187.54B,5.94%,7.23%,41.59%,5.59%,-8.84,-4.17
002484 CH Equity,NANTONG JIANGH-A,112.85M,38.7,4.15,--,11.13%,Information Technology,26.27B,2.58%,9.75%,16.25%,-19.61%,0.16,12.67
688123 CH Equity,GIANTEC SEMICO-A,112.60M,48.21,6.69,--,15.06%,Information Technology,17.55B,2.07%,13.61%,0.28%,-40.30%,-21.12,46.18
601225 CH Equity,SHAANXI COAL I-A,112.06M,12.81,2.59,11.41,20.20%,Energy,244.99B,7.81%,17.86%,16.35%,-18.02%,22.25,7.37
000603 CH Equity,SHENGDA RESOUR-A,112.01M,44.01,8.62,--,15.66%,Materials,28.36B,2.27%,9.16%,49.86%,-21.50%,50.83,27.55
600415 CH Equity,COMMODITIES CI-A,111.92M,16.84,3.1,10.9,19.35%,Consumer Discretionary,71.23B,5.94%,14.13%,15.22%,-25.06%,-28.31,-0.91
605376 CH Equity,JIANGSU BOQIAN-A,111.80M,180.33,16.77,202.28,9.69%,Materials,27.63B,0.55%,9.37%,9.66%,60.54%,79.61,74.59
600151 CH Equity,SHANGHAI AEROS-A,111.45M,--,4.51,--,-9.58%,Consumer Discretionary,19.98B,-2.23%,--,23.47%,-525.11%,72.61,7.53
600502 CH Equity,ANHUI CONST-A,110.94M,6.21,0.78,--,13.24%,Industrials,9.48B,16.11%,2.99%,284.33%,99.48%,20.71,1.32
600887 CH Equity,INNER MONG YIL-A,110.92M,20.59,2.93,12.33,14.24%,Consumer Staples,165.22B,4.86%,6.58%,91.25%,6.58%,-4.31,-1.95
601606 CH Equity,ANHUI GREAT WA-A,110.90M,--,12.99,273.5,-12.88%,Industrials,28.74B,-1.05%,-10.53%,30.15%,-71.21%,-15.91,27.27
002364 CH Equity,HANGZHOU ZHONG-A,110.43M,182.74,7.44,92.82,4.03%,Industrials,17.99B,0.55%,3.43%,23.20%,72.76%,19.54,22.25
605499 CH Equity,EASTROC BEVERA-A,110.27M,23.74,11.13,25.68,51.61%,Consumer Staples,112.84B,4.21%,27.32%,74.87%,4.26%,-35.32,-53.25
16 HK Equity,SHK PPT,109.58M,18.19,0.64,11.18,3.59%,Real Estate,400.47B,5.50%,2.82%,16.60%,13.57%,47.99,75.31
300850 CH Equity,LUOYANG XINQIA-A,108.91M,19.04,2.42,--,13.51%,Industrials,16.94B,5.25%,8.39%,52.76%,48.49%,-9.89,16.73
001287 CH Equity,SHENZHEN CECPO=A,108.82M,56.21,3.61,--,6.60%,Information Technology,19.44B,1.78%,3.70%,334.98%,45.09%,8.11,8.28
000927 CH Equity,CHINA RAILWAY-A,108.31M,31.83,1.88,77.87,6.04%,Industrials,18.33B,3.14%,3.18%,54.36%,23.07k%,13.06,0.64
600016 CH Equity,CHINA MINSHENG-A,107.97M,5.91,0.29,--,4.82%,Financials,157.62B,16.92%,2.37%,368.83%,68.80%,-6.33,-0.01
002531 CH Equity,TITAN WIND-A,107.79M,--,2.35,--,-2.68%,Industrials,20.32B,-1.16%,0.57%,137.68%,-22.07%,33.53,4.78
300398 CH Equity,PHICHEM CORP -A,107.39M,44.3,3.14,200.81,7.45%,Materials,15.46B,2.26%,5.55%,21.10%,1.91%,8.06,8.59
603063 CH Equity,SHENZHEN HOPEW-A,106.29M,27.85,2.9,42.7,11.23%,Industrials,15.03B,3.59%,7.86%,42.39%,49.13%,-7.27,4.24
600338 CH Equity,XIZANG ZHUFENG-A,105.88M,36,3.69,38.13,11.11%,Materials,16.09B,2.78%,7.57%,3.02%,48.97%,28.19,8.74
688127 CH Equity,ZHEJIANG LANTE-A,105.51M,70.15,12.49,273.77,19.39%,Information Technology,27.34B,1.43%,17.37%,9.44%,114.19%,102.07,48.03
000990 CH Equity,CHENGZHI CO-A,105.14M,115.9,0.75,65.03,0.65%,Materials,13.42B,0.86%,1.64%,35.13%,224.65%,48.59,3.6
600346 CH Equity,HENGLI PETROC-A,104.92M,23.72,2.55,22.92,11.05%,Materials,164.93B,4.22%,4.40%,260.38%,88.33%,32.9,8.76
000776 CH Equity,GF SECURITIES-A,104.57M,10.84,1.07,--,10.17%,Financials,132.15B,9.23%,2.43%,308.82%,57.24%,-24.24,3.91
603876 CH Equity,JIANGSU DINGSH-A,104.23M,55.84,3.01,--,5.53%,Materials,22.03B,1.79%,2.27%,205.75%,188.27%,109.82,16.53
300182 CH Equity,BEIJING JETSEN-A,103.58M,174.66,1.86,--,1.06%,Communication Services,15.61B,0.57%,0.60%,11.06%,-96.54%,-5.02,0.84
688400 CH Equity,LUSTER LIGHTTE-A,103.39M,167.92,5.26,--,3.19%,Information Technology,22.06B,0.60%,1.07%,21.37%,74.79%,5.23,22.59
688063 CH Equity,PYLON TECHNOLO-A,102.80M,195.19,1.79,64.29,0.92%,Industrials,16.93B,0.51%,0.17%,16.23%,573.31%,0.48,35.97
OCBC SP Equity,OCBC BANK,102.49M,13.6,1.6,--,12.05%,Financials,99.51B,7.36%,6.41%,72.39%,-4.39%,31.46,8.39
301293 CH Equity,SANBO HOSPITAL-A,102.45M,161.7,5.84,--,3.63%,Health Care,13.84B,0.62%,2.69%,19.28%,-38.06%,11.07,24.5
000422 CH Equity,HUBEI YIHUA CH-A,102.02M,24.21,2.95,--,10.61%,Materials,17.40B,4.13%,4.33%,187.39%,-47.55%,5.82,4.41
386 HK Equity,SINOPEC CORP-H,101.37M,15.06,0.59,14.04,3.95%,Energy,760.80B,6.64%,2.50%,53.81%,64.31%,12.65,1.1
688506 CH Equity,SICHUAN BIOKIN-A,101.09M,--,17.75,--,-14.94%,Health Care,129.91B,-0.70%,-12.70%,53.71%,-80.06%,-14.22,62.65
002459 CH Equity,JA SOLAR TECHN-A,100.98M,--,1.49,11.38,-28.14%,Information Technology,35.02B,-22.30%,-9.44%,221.89%,-99.79%,-19.05,0.53
600438 CH Equity,TONGWEI CO-A,100.58M,--,1.61,--,-17.51%,Information Technology,72.12B,-11.70%,-4.83%,186.22%,56.95%,-26.48,-1.18
301550 CH Equity,ZHEJIANG SLING-A,100.55M,203.23,21.35,265.64,10.93%,Consumer Discretionary,39.17B,0.49%,7.97%,10.28%,-6.20%,93.14,127.35
001337 CH Equity,SICHUAN GO-A,100.50M,45.72,11.66,--,28.34%,Materials,21.33B,2.19%,24.46%,27.40%,90.17%,68.63,25.99
6181 HK Equity,LAOPU GOLD CO -H,99.71M,19.87,8.97,--,64.84%,Consumer Discretionary,114.09B,5.03%,41.85%,59.17%,182.04%,-6.55,-54.3
600919 CH Equity,BANK OF JIANGS-A,98.24M,5.94,0.78,--,13.71%,Financials,198.38B,16.85%,3.14%,522.79%,8.69%,10.31,1.85
603005 CH Equity,CHINA WAFER LE-A,98.22M,49.18,3.94,--,8.32%,Information Technology,18.19B,2.03%,8.00%,4.04%,21.73%,-12.1,1.51
301377 CH Equity,GUANGDONG DTEC-A,98.19M,194.18,31.88,--,16.92%,Industrials,84.44B,0.51%,13.44%,33.70%,181.82%,201.91,194.55
300775 CH Equity,XI'AN TRIANGLE-A,97.77M,38.27,3.36,--,9.11%,Industrials,20.22B,2.61%,6.22%,22.35%,578.35%,48.27,13.51
600795 CH Equity,GD POWER DEVEL-A,97.57M,11.7,1.42,28.86,12.50%,Utilities,86.86B,8.55%,4.03%,211.66%,57.28%,-4.04,0.55
300498 CH Equity,WENS FOODSTUFF-A,97.35M,13.6,2.52,24.29,19.43%,Consumer Staples,110.39B,7.35%,13.30%,45.96%,-67.33%,-10.49,-0.74
301626 CH Equity,SUZHOU TIANMAI-A,97.15M,151.52,20.02,--,15.35%,Information Technology,30.54B,0.66%,14.15%,0.35%,-27.17%,106.25,211
000767 CH Equity,JINNENG HOLDIN-A,97.06M,26.58,8.55,--,11.83%,Utilities,11.11B,3.76%,2.46%,377.59%,0.37%,23.63,0.98
300657 CH Equity,XIAMEN HONGXIN-A,96.45M,147.8,11.45,--,7.17%,Information Technology,14.39B,0.68%,6.00%,160.33%,106.76%,-8.94,1.41
000420 CH Equity,JILIN CHEM FIB-A,96.38M,--,2.79,--,-0.04%,Materials,12.34B,--,1.92%,131.47%,-47.72%,16.74,1.56
002625 CH Equity,KUANG-CHI TECH-A,96.36M,113.84,8.6,--,7.86%,Industrials,82.18B,0.88%,6.59%,2.83%,25.14%,-22.16,0.25
600809 CH Equity,SHANXI XINGHUA-A,96.20M,13.82,4.38,12.94,33.86%,Consumer Staples,169.95B,7.24%,32.13%,2.80%,-1.84%,-26.17,-80.54
600744 CH Equity,DATANG HUAYIN-A,96.15M,68.35,10.36,--,15.85%,Utilities,14.75B,1.46%,1.73%,1008.87%,419.15%,6.45,3.69
1177 HK Equity,SBP GROUP,96.14M,39.93,3.18,10.31,7.48%,Health Care,111.81B,2.50%,6.62%,38.18%,47.00%,-23.59,2.55
002493 CH Equity,RONGSHENG PETR-A,96.08M,167.67,2.77,--,1.68%,Materials,126.37B,0.60%,2.57%,222.90%,59.85%,24.88,4.4
002408 CH Equity,ZIBO QIXIANG-A,95.86M,--,1.69,--,-5.05%,Materials,19.62B,-2.80%,-0.59%,94.68%,-140.05%,37.72,2.66
000157 CH Equity,ZOOMLION HEAVY-A,95.51M,14.61,1.19,--,8.25%,Industrials,74.49B,6.85%,4.79%,71.89%,162.11%,12.06,1.92
300347 CH Equity,HANGZHOU TIGER-A,94.89M,53.97,2.28,32.85,4.27%,Health Care,45.63B,1.85%,1.90%,6.93%,-3.08%,0.32,13.43
603119 CH Equity,ZHEJIANG RONGT-A,94.47M,97.04,13.2,592.69,14.40%,Industrials,26.96B,1.03%,11.43%,28.14%,29.14%,-28.74,40.52
002675 CH Equity,YANTAI DONGCHE-A,94.38M,58.42,2.63,74.08,4.43%,Health Care,11.43B,1.71%,4.03%,20.27%,-53.20%,-7.6,1.2
669 HK Equity,TECHTRONIC IND,94.07M,22.12,3.81,15.12,17.99%,Industrials,208.04B,4.52%,13.34%,25.28%,10.02%,20,40.25
300236 CH Equity,SHANGHAI SINYA-A,93.86M,85.34,4.98,--,6.21%,Information Technology,25.68B,1.17%,4.86%,19.91%,87.12%,38.12,49.29
002317 CH Equity,GUANGDONG ZHON-A,93.75M,--,3.91,--,-4.69%,Health Care,15.77B,-1.25%,-6.02%,13.21%,391.84%,9.37,8.27
300323 CH Equity,BOE HC SEMITEK C,93.65M,--,2.46,--,-6.49%,Information Technology,16.21B,-2.71%,-3.00%,79.29%,22.67%,10.63,3.61
600428 CH Equity,COSCO SHIPPING-A,93.24M,13.47,1.54,5.55,12.09%,Industrials,26.01B,7.42%,8.25%,99.96%,45.75%,35.82,3.53
688362 CH Equity,FOREHOPE ELECT-A,93.24M,205.65,6.88,--,3.43%,Information Technology,18.07B,0.49%,1.81%,216.18%,11.02%,24.56,16.28
600905 CH Equity,CHINA THREE GO-A,91.84M,22.26,1.31,--,6.10%,Utilities,117.21B,4.49%,2.80%,182.76%,-46.40%,-5.09,-0.16
688403 CH Equity,UNION SEMICOND-A,91.66M,85.74,3.87,52.39,4.58%,Information Technology,14.89B,1.17%,4.03%,28.82%,-53.90%,-16.68,8.12
600645 CH Equity,VCANBIO CELL &-A,91.46M,174.4,3.5,45.27,2.04%,Health Care,13.34B,0.57%,1.60%,1.93%,-7.03%,16.95,7.89
601111 CH Equity,AIR CHINA LTD-A,90.74M,--,1.76,42.33,-4.04%,Industrials,111.46B,-2.40%,-1.09%,557.72%,-0.16%,-10.94,-0.38
600760 CH Equity,AVIC SHENYANG -A,90.29M,37.81,5.75,--,17.32%,Industrials,135.52B,2.64%,13.02%,7.33%,32.89%,-32.68,4.54
688382 CH Equity,INVENTISBIO CO-A,89.98M,--,7.47,--,-6.84%,Health Care,12.43B,-0.94%,-8.50%,1.28%,31.56%,-23.41,2.02
600664 CH Equity,HARBIN PHARMA-A,89.27M,21.58,1.67,72.71,8.26%,Health Care,9.44B,4.63%,5.90%,43.14%,-59.83%,3.02,0.41
600048 CH Equity,POLY DEVELOPME-A,88.41M,--,0.34,--,-0.45%,Real Estate,66.68B,-1.41%,0.90%,101.77%,-86.48%,-29.76,-3.26
601069 CH Equity,WESTERN REGION-A,87.79M,68.61,7.09,--,8.83%,Materials,32.28B,1.46%,6.01%,151.37%,137.22%,18.46,18.46
601766 CH Equity,CRRC CORP LTD-A,87.46M,13.35,1.03,11.72,7.73%,Industrials,169.74B,7.49%,5.23%,42.61%,-44.36%,-18.87,-0.41
301015 CH Equity,QINGDAO BAHEAL-A,87.02M,23.7,5.02,23.55,22.00%,Health Care,12.47B,4.22%,12.39%,123.78%,-10.32%,-10.66,5.11
603358 CH Equity,HUADA AUTOMOTI-A,86.93M,38.64,4.26,--,11.67%,Consumer Discretionary,16.33B,2.59%,3.40%,38.64%,552.21%,-17.96,-0.65
002027 CH Equity,FOCUS MEDIA IN-A,85.98M,16.76,5.53,15.87,33.65%,Communication Services,90.99B,5.97%,24.98%,17.22%,9.71%,-17.28,-0.38
3692 HK Equity,HANSOH PHARMACEU,85.92M,36.01,5.76,38.38,17.35%,Health Care,233.61B,2.78%,14.33%,0.30%,45.57%,6.52,17.1
ST SP Equity,SINGAPORE TELECO,85.49M,13.23,3.14,34.85,24.95%,Communication Services,81.61B,7.56%,10.94%,41.80%,71.23%,18.42,1.58
600531 CH Equity,HENAN YUGUANG-A,85.12M,16.98,2.55,--,15.76%,Materials,16.46B,5.89%,7.63%,214.25%,3.64%,2.72,7.67
600050 CH Equity,CHINA UNITED-A,84.94M,15.06,0.84,11.14,5.47%,Communication Services,141.32B,6.64%,3.80%,12.66%,42.16%,-16.59,-0.72
600196 CH Equity,SHANGHAI FOSUN-A,84.91M,20.84,1.44,155.05,7.03%,Health Care,65.71B,4.80%,2.23%,59.29%,143.79%,-9.51,2.88
600577 CH Equity,TONGLING JINGD-A,84.07M,44.21,4.33,12.06,10.06%,Industrials,26.67B,2.26%,5.53%,107.18%,-1.06%,13.96,6.48
300185 CH Equity,TONGYU HEAVY-A,83.98M,176.32,1.79,--,1.02%,Industrials,13.00B,0.57%,1.21%,81.22%,77.09%,-0.73,0.87
300866 CH Equity,ANKER INNOVATI-A,83.87M,21.93,5.67,--,26.12%,Information Technology,56.08B,4.56%,20.93%,31.38%,19.94%,-13.56,39.22
002326 CH Equity,ZHEJIANG YONG-A,83.63M,--,7.82,--,-12.26%,Materials,21.31B,-1.61%,-3.39%,174.95%,89.12%,33.51,14.23
002654 CH Equity,SHENZHEN MASON-A,83.56M,205.77,7.52,--,3.72%,Information Technology,11.77B,0.49%,4.02%,87.50%,-36.07%,-4.4,2.75
688150 CH Equity,SHAANXI LIGHTE-A,83.45M,85.91,10.35,166.57,12.19%,Information Technology,18.68B,1.16%,10.51%,11.05%,51.29%,81.38,27.17
600460 CH Equity,HANGZHOU SILAN-A,83.21M,80.61,3.65,--,4.50%,Information Technology,43.63B,1.24%,2.23%,56.50%,-27.38%,-15.69,3.86
300068 CH Equity,ZHEJIANG NARAD-A,82.81M,--,2.66,--,-42.29%,Industrials,10.35B,-19.24%,-12.72%,253.43%,50.55%,-38.79,-2.28
688503 CH Equity,CHANGZHOU FUSI-A,82.26M,49.49,4.21,--,8.69%,Information Technology,21.07B,2.02%,3.86%,125.25%,1.98k%,22.1,61.18
002920 CH Equity,HUIZHOU DESAY -A,82.00M,24.59,4.09,55.53,19.58%,Consumer Discretionary,63.11B,4.07%,13.68%,31.64%,40.95%,-23.47,9.08
002151 CH Equity,BEIJING BDSTAR-A,81.99M,--,4.24,108.16,-5.17%,Information Technology,20.49B,-1.24%,-5.74%,3.23%,40.23%,26.86,13.36
601006 CH Equity,DAQIN RAILWAY -A,81.75M,15.44,0.63,9.54,4.14%,Industrials,104.16B,6.48%,2.82%,6.67%,-30.94%,-10.56,-1.28
688548 CH Equity,GUANGZHOU GUAN-A,81.04M,121.27,5.4,--,4.56%,Materials,31.97B,0.82%,3.63%,31.68%,76.77%,95.2,13.16
688047 CH Equity,LOONGSON TECHN-A,80.34M,--,20.74,--,-23.46%,Information Technology,53.08B,-1.28%,-24.48%,4.31%,7.48%,-8.92,-2.96
2388 HK Equity,BOC HONG KONG,80.24M,11.59,1.3,--,11.51%,Financials,465.20B,8.62%,8.70%,99.25%,0.30%,20.25,18.13
000568 CH Equity,LUZHOU LAOJIAO-A,79.45M,11.95,3.05,10.29,26.59%,Consumer Staples,151.32B,8.37%,20.70%,13.67%,-13.13%,-19.33,-25.25
603477 CH Equity,LESHAN GIANTST-A,79.06M,24.57,2.79,25.18,11.26%,Consumer Staples,8.95B,4.07%,6.70%,135.96%,-48.62%,-13.13,-5.96
600660 CH Equity,FUYAO GLASS-A,78.62M,14.96,3.71,24.87,25.42%,Consumer Discretionary,147.93B,6.69%,15.06%,46.57%,17.14%,-16.85,5.44
002611 CH Equity,GUANGDONG DONG-A,78.25M,28.68,3.62,27.01,13.49%,Consumer Discretionary,20.93B,3.49%,10.10%,10.74%,31.44%,-8.32,6.3
601816 CH Equity,BEIJING-SHANGH-A,78.20M,18.73,1.19,13.74,6.46%,Industrials,244.14B,5.34%,5.08%,22.62%,9.56%,-2.39,-0.86
600996 CH Equity,GUIZHOU BROADC-A,78.09M,--,5.02,--,-43.32%,Communication Services,11.73B,-10.54%,-8.81%,228.31%,1.42%,-2.89,0.76
603393 CH Equity,XINJIANG XINTA-A,78.09M,18.14,1.6,--,9.32%,Utilities,14.63B,5.51%,3.74%,64.34%,10.87%,16.9,6.62
605090 CH Equity,JIANGXI JOVO E-A,77.13M,18.57,2.56,15.22,14.30%,Energy,28.06B,5.39%,8.99%,35.81%,-11.03%,13.69,17.33
688300 CH Equity,NOVORAY CORP-A,76.67M,78.96,13.86,127.47,18.64%,Materials,22.63B,1.27%,15.07%,17.98%,7.00%,47.84,53.28
301658 CH Equity,SHENZHEN SOFAR-A,76.47M,71.92,5.46,35.12,7.79%,Industrials,17.07B,1.39%,2.74%,33.18%,1.04%,22.49,11.19
002456 CH Equity,OFILM GROUP CO-A,76.19M,752.38,7.48,--,1.09%,Information Technology,30.25B,0.13%,4.26%,152.12%,-1.16%,-29.85,-2.87
300811 CH Equity,POCO HOLDING C-A,75.74M,60.43,8.08,2.83k,15.03%,Information Technology,23.41B,1.65%,13.00%,18.10%,-3.18%,3.93,41.97
688200 CH Equity,BEIJING HUAFEN-A,75.61M,75.93,9.96,124.28,13.88%,Information Technology,38.65B,1.32%,12.52%,0.62%,75.26%,43.52,156.1
000917 CH Equity,HUNAN TV & BRO-A,75.42M,83.16,1.33,37.82,1.61%,Communication Services,13.88B,1.20%,1.71%,28.44%,-1.55%,14.77,2.78
603328 CH Equity,GUANGDONG ELLI-A,75.14M,27.26,2.94,31.95,11.16%,Information Technology,12.68B,3.67%,9.37%,15.84%,24.38%,9.96,4.85
300624 CH Equity,WONDERSHARE TE-A,74.45M,--,12.42,--,-18.65%,Information Technology,13.41B,-1.64%,-17.01%,21.53%,42.27%,-7.56,15.31
600015 CH Equity,HUAXIA BANK CO-A,74.38M,4.52,0.37,--,8.81%,Financials,116.50B,22.13%,2.23%,471.07%,29.51%,13.35,0.08
600595 CH Equity,HENAN ZHONGFU-A,74.04M,28.62,2.01,152.29,7.46%,Materials,33.59B,3.49%,6.38%,19.47%,69.49%,56.34,4.76
000681 CH Equity,VISUAL CHINA-A,73.33M,25.66,3.95,44.04,2.31%,Communication Services,14.27B,3.90%,1.80%,3.10%,830.33%,-12.24,1.65
002405 CH Equity,NAVINFO CO LTD-A,73.18M,--,2.61,--,-14.92%,Information Technology,21.45B,-6.26%,-10.43%,10.66%,-198.88%,-5.53,1.06
000766 CH Equity,TONGHUA GOLD-A,73.00M,354.21,8.85,--,2.48%,Health Care,20.36B,0.28%,2.84%,80.90%,-27.61%,-16.65,3.79
600206 CH Equity,GRINM ADVANCE-A,72.94M,64.86,4.27,201.6,6.86%,Information Technology,18.08B,1.54%,3.44%,26.26%,-25.27%,-2.86,6.36
601169 CH Equity,BANK OF BEIJIN-A,72.24M,4.48,0.41,--,9.38%,Financials,114.17B,22.32%,2.34%,452.59%,-2.16%,-1.82,-0.47
688333 CH Equity,XI'AN BRIGHT L-A,72.18M,134.06,5.17,--,4.79%,Industrials,25.48B,0.75%,3.35%,38.24%,45.59%,28.55,32.29
300776 CH Equity,WUHAN DR LASER-A,71.92M,42.36,5.63,725.14,14.07%,Information Technology,22.13B,2.36%,10.71%,20.64%,-89.61%,14.63,25.39
601818 CH Equity,CHINA EVERBRIG-A,71.66M,5.49,0.38,--,6.68%,Financials,181.75B,18.22%,2.62%,379.81%,-12.88%,-1.76,-0.28
603698 CH Equity,CHANGZHENG ENG-A,71.11M,80.05,4.95,--,6.30%,Energy,17.19B,1.25%,4.50%,35.54%,33.27%,49.56,16.12
600926 CH Equity,BANK OF HANGZH-A,71.09M,5.92,0.93,--,15.92%,Financials,124.18B,16.89%,2.89%,454.71%,-18.15%,12.96,3.4
603533 CH Equity,IREADER TECHNO-A,70.90M,--,4.75,--,-5.43%,Information Technology,10.99B,-1.19%,-6.09%,0.47%,-2.29%,29.67,7.58
002142 CH Equity,BANK OF NINGBO-A,70.89M,7.06,0.91,--,13.58%,Financials,198.77B,14.17%,3.29%,472.75%,9.16%,15.28,7.7
600216 CH Equity,ZHEJIANG MEDI-A,70.67M,12.42,1.39,10.34,11.63%,Health Care,15.54B,8.05%,8.79%,8.96%,-56.02%,11.07,3.8
000768 CH Equity,AVIC XI'AN AIR-A,70.64M,57.92,3.01,--,5.33%,Industrials,66.91B,1.73%,3.23%,40.84%,206.61%,-9.45,1.18
002046 CH Equity,SINOMACH PRECI-A,70.62M,88.22,5.78,--,7.29%,Industrials,25.02B,1.13%,5.30%,18.74%,48.03%,75.78,34.21
688800 CH Equity,SUZHOU RECODEA-A,70.40M,59.19,7.8,--,13.99%,Industrials,17.97B,1.69%,9.58%,59.11%,91.98%,14.07,55.27
301236 CH Equity,ISOFTSTONE INF-A,70.37M,182.63,3.54,--,1.95%,Information Technology,39.85B,0.55%,1.45%,72.85%,-14.64%,-27.47,-14.73
300409 CH Equity,GUANGDONG DOWS-A,70.04M,45.54,2.46,46,6.15%,Materials,20.07B,2.20%,3.93%,46.84%,193.88%,-3.21,13.36
600246 CH Equity,VANTONE NEO DE-A,69.61M,--,3.42,83.69,-6.70%,Real Estate,18.46B,-2.03%,-3.67%,32.17%,-26.82%,-22.07,3.97
600570 CH Equity,HUNDSUN TECHN-A,69.56M,39.74,4.99,54.26,13.30%,Information Technology,49.18B,2.52%,7.19%,5.18%,-5.04%,-23.66,1.36
688472 CH Equity,CSI SOLAR CO L-A,69.52M,36.88,1.99,--,5.55%,Information Technology,47.22B,2.71%,3.59%,110.13%,-89.65%,-2.04,4.08
000963 CH Equity,HUADONG MEDICI-A,69.34M,17.03,2.61,31.96,16.02%,Health Care,63.05B,5.87%,13.00%,24.31%,5.43%,-12.93,-0.03
600741 CH Equity,HUAYU AUTOM-A,69.26M,8.99,0.97,9.33,11.16%,Consumer Discretionary,64.82B,11.12%,6.13%,46.06%,-1.37%,-1.11,4.62
300602 CH Equity,SHENZHEN FRD S-A,69.03M,51.25,4.8,80.34,9.55%,Industrials,19.07B,1.95%,6.64%,54.44%,212.94%,-7.56,15.29
600552 CH Equity,TRIUMPH SCIEN-A,69.03M,94.44,2.86,--,3.06%,Information Technology,12.15B,1.06%,2.39%,106.61%,6.88%,3.63,2.96
600027 CH Equity,HUADIAN POWER-A,68.13M,7.05,0.84,4.13,11.71%,Utilities,51.32B,14.19%,3.06%,136.65%,-322.08%,-11.47,-0.83
000628 CH Equity,CHENGDU HI-TEC-A,67.93M,539.78,8.92,--,1.66%,Real Estate,19.55B,0.19%,-0.07%,110.84%,-49.25%,3.31,14.74
601377 CH Equity,INDUSTRIAL-A,67.91M,17.64,0.9,2.61,5.18%,Financials,50.18B,5.67%,1.70%,257.14%,-54.70%,-11.62,0.38
688271 CH Equity,SHANGHAI UNITE-A,67.88M,54.14,4.44,--,8.55%,Health Care,92.96B,1.85%,7.41%,5.99%,8.97%,-27.82,-20.83
601058 CH Equity,SAILUN GROUP - A,67.87M,12.2,2.14,--,18.40%,Consumer Discretionary,45.18B,8.20%,11.51%,67.73%,-6.33%,-7.29,0.89
000538 CH Equity,YUNNAN BAIYAO-A,67.75M,19.11,2.46,22.21,13.07%,Health Care,98.31B,5.23%,10.09%,5.81%,-1.99%,-3.89,-0.58
000048 CH Equity,SHENZHEN KINGK-A,67.70M,54.11,1.97,24.02,3.65%,Real Estate,8.31B,1.85%,10.06%,45.11%,-82.01%,-6.89,-1.01
603039 CH Equity,WEAVER NETWORK-A,67.65M,40.61,4.82,56.55,12.59%,Information Technology,11.81B,2.46%,10.91%,0.17%,34.88%,-19.39,-13.36
600163 CH Equity,ZHONGMIN ENER-A,67.59M,19.83,1.63,6.81,8.43%,Utilities,11.30B,5.04%,7.10%,29.41%,-89.39%,13.58,0.99
000612 CH Equity,JIAOZUO WANFAN-A,67.48M,13.94,2.08,15.67,15.96%,Materials,14.93B,7.17%,12.08%,14.48%,155.99%,39.42,5.92
300015 CH Equity,AIER EYE HSPTL-A,66.74M,27.44,3.95,21.68,15.03%,Health Care,88.59B,3.64%,12.52%,28.92%,-24.80%,-24.45,-3.25
002755 CH Equity,BEIJING AOSAI-A,66.14M,55.79,4.48,49.45,8.29%,Health Care,14.37B,1.79%,6.76%,1.63%,46.14%,-22.52,-1.84
600301 CH Equity,GUANGXI HUAXI -A,65.99M,53.46,7.28,35.9,14.61%,Materials,32.71B,1.87%,15.59%,26.67%,-41.65%,62.25,30.93
000928 CH Equity,SINOSTEEL ENGI-A,65.89M,13.46,1.2,2.38,9.01%,Industrials,10.10B,7.43%,5.93%,47.63%,-40.52%,10.34,0.92
600746 CH Equity,JIANGSU SOPO-A,65.52M,86.95,2.09,73.15,2.43%,Materials,11.57B,1.15%,2.12%,11.11%,-73.82%,36.31,0.63
600075 CH Equity,XINJIANG TIAN-A,65.44M,--,1.2,112.84,-0.62%,Materials,11.13B,-0.51%,0.04%,81.43%,-36.90%,37.26,2.25
301500 CH Equity,GUANGDONG FEIN-A,65.39M,89.23,2.95,--,3.19%,Industrials,13.82B,1.12%,2.53%,130.88%,-65.13%,36.51,11.62
688068 CH Equity,BEIJING HOTGEN-A,64.81M,--,3.8,--,-8.38%,Health Care,11.14B,-2.49%,-9.86%,2.04%,-247.17%,-25.81,12.8
603260 CH Equity,HOSHINE SILICO-A,64.29M,--,1.54,18.87,-0.11%,Materials,49.79B,-0.08%,1.44%,89.23%,-40.22%,-15.01,-13.07
300779 CH Equity,QINGDAO HUICHE-A,63.90M,664.98,13.52,--,1.99%,Industrials,18.63B,0.15%,0.72%,205.77%,354.48%,-34.93,-52.05
UOB SP Equity,UNITED OVERSEAS,63.88M,13.53,1.27,--,9.61%,Financials,61.69B,7.39%,5.39%,143.18%,26.59%,5.58,6.54
600000 CH Equity,SHANG PUDONG-A,63.55M,6.18,0.45,--,7.00%,Financials,330.73B,16.18%,3.27%,315.40%,56.17%,-16.13,0.2
YZJSGD SP Equity,YANGZIJIANG SHIP,63.54M,9.9,2.66,34.2,29.57%,Industrials,15.90B,10.11%,21.92%,17.05%,17.48%,18.82,2.3
300772 CH Equity,WINDEY ENERGY -A,63.45M,39.37,1.64,--,4.90%,Industrials,13.40B,2.54%,1.29%,205.83%,-56.75%,-14.94,6.4
000737 CH Equity,NORTH COPPER C-A,63.44M,34.01,3.91,--,12.70%,Materials,26.02B,2.94%,6.23%,154.92%,103.96%,-21.27,5.09
600063 CH Equity,ANHUI WANWEI U-A,63.37M,34.63,1.78,--,5.18%,Materials,14.92B,2.89%,2.35%,64.96%,-84.61%,10.9,3.13
600588 CH Equity,YONYOU NETWORK-A,63.30M,--,5.47,--,-24.83%,Information Technology,40.49B,-4.99%,-12.07%,66.49%,31.74%,-22.55,-1.6
600019 CH Equity,BAOSHAN IRON &-A,62.98M,14.89,0.68,5.84,4.68%,Materials,139.41B,6.72%,3.82%,22.12%,158.08%,-11.85,-0.13
241 HK Equity,ALIBABA HEALTH,62.88M,33.82,3.72,42.17,11.75%,Consumer Staples,75.22B,2.96%,6.70%,0.43%,52.31%,-25.24,0.2
001979 CH Equity,CHINA MERCHANT-A,62.83M,100.64,0.74,--,0.73%,Real Estate,72.13B,0.99%,0.29%,90.19%,256.15%,-21.41,-1.69
2313 HK Equity,SHENZHOU INTL GP,62.58M,11.14,1.73,17.58,15.88%,Consumer Discretionary,74.36B,8.97%,10.86%,39.66%,-11.87%,-22.99,2.34
601901 CH Equity,FOUNDER SECURI-A,62.26M,14.25,1.12,2.79,8.02%,Financials,57.13B,7.02%,2.15%,257.69%,-96.13%,-14.62,-0.16
000690 CH Equity,BAONENGYUAN-A,62.24M,10.7,0.8,22.16,7.59%,Utilities,10.05B,9.35%,4.43%,61.72%,15.69%,-2.74,0.88
688005 CH Equity,NINGBO RONBAY -A,62.08M,--,2.52,19.77,-0.29%,Industrials,20.69B,-0.11%,0.20%,141.08%,34.35%,-1.36,11.56
002311 CH Equity,GUANGDONG HAID-A,61.91M,16.57,3.29,32.04,21.17%,Consumer Staples,83.19B,6.04%,15.13%,37.90%,2.13%,-20.51,-2.79
000727 CH Equity,TPV TECHNOLOGY-A,61.20M,--,5.5,--,-22.74%,Information Technology,12.73B,-4.62%,-3.42%,164.35%,-512.93%,2.93,0.38
601009 CH Equity,BANK OF NANJIN-A,61.16M,6,0.75,--,12.72%,Financials,136.25B,16.66%,2.86%,476.06%,6.88%,4.69,1.11
600810 CH Equity,SHENMA INDUS C-A,61.16M,--,1.33,--,-0.36%,Materials,10.06B,-0.31%,-0.09%,139.87%,--,-21.03,1.42
002396 CH Equity,FUJIAN STAR-A,61.14M,39.98,2.35,9.36,5.99%,Information Technology,16.36B,2.50%,6.95%,29.18%,-77.49%,-4.25,9.95
603496 CH Equity,EMBEDWAY TECHN-A,60.84M,--,6.6,41.6,-0.89%,Information Technology,9.19B,-0.14%,-1.33%,25.64%,62.63%,-3.38,3.58
600674 CH Equity,SICHUAN CHUAN-A,60.53M,16.59,1.61,18.14,9.96%,Utilities,71.46B,6.03%,0.78%,40.09%,-16.23%,-0.41,-1.96
2331 HK Equity,LI NING CO LTD,60.49M,17.34,1.69,11.58,10.93%,Consumer Discretionary,58.57B,5.77%,9.23%,7.56%,20.28%,33.92,8.91
688082 CH Equity,ACM RESEARCH S-A,60.16M,48.21,5.39,--,13.21%,Information Technology,72.66B,2.07%,11.27%,14.00%,-64.88%,-21.27,55.56
002389 CH Equity,AEROSPACE CH U-A,60.15M,780.49,2.62,--,0.34%,Information Technology,21.00B,0.13%,0.46%,10.73%,-47.85%,-5.33,2.5
1 HK Equity,CKH HOLDINGS,60.13M,20.39,0.43,5.51,2.16%,Industrials,241.29B,4.90%,1.34%,48.56%,34.91%,21.04,27.65
688147 CH Equity,JIANGSU LEADMI-A,60.03M,93.82,10.28,--,11.74%,Information Technology,30.75B,1.07%,6.28%,114.81%,-43.52%,21.21,39.2
300253 CH Equity,WINNING HEALTH-A,59.97M,--,3.23,79.19,-5.29%,Health Care,18.56B,-1.67%,-3.10%,20.11%,64.28%,-8.07,-1.01
300008 CH Equity,BESTWAY MARINE-A,59.75M,43.44,5.37,87.19,13.24%,Industrials,12.96B,2.30%,9.02%,48.83%,-72.66%,17.37,1.76
300244 CH Equity,DIAN DIAGNOSTI-A,59.58M,--,1.77,6.28,-6.38%,Health Care,11.67B,-3.78%,-1.88%,34.89%,-87.57%,16.61,5.08
000999 CH Equity,CHINA RESOURCE-A,59.57M,13.44,2.08,14.98,16.26%,Health Care,46.08B,7.44%,11.13%,18.87%,181.26%,-3.17,-5.88
300378 CH Equity,DIGIWIN CO LTD,59.56M,66.32,4.59,1.01k,7.14%,Information Technology,10.94B,1.51%,4.98%,42.84%,0.34%,-28.4,9.47
002617 CH Equity,ROSHOW TECHNOL-A,59.04M,51.74,2.2,--,4.34%,Industrials,13.96B,1.93%,3.52%,33.09%,252.84%,-19.49,0.68
002077 CH Equity,JIANGSU DAGANG-A,58.96M,196.98,2.71,80.22,1.33%,Real Estate,9.10B,0.51%,-0.33%,14.32%,173.09%,-5.08,2.54
300122 CH Equity,CHONGQING ZHIF-A,58.92M,--,1.28,59.86,-4.41%,Health Care,37.44B,-3.58%,-2.68%,47.62%,-433.14%,-25.2,-7.67
000555 CH Equity,DIGITAL CHINA -A,58.78M,247.83,2.5,--,1.00%,Information Technology,14.57B,0.40%,0.90%,47.41%,912.03%,9.46,4.41
9633 HK Equity,NONGFU SPRING -H,58.72M,29.59,11.89,53.6,44.23%,Consumer Staples,538.26B,3.38%,37.36%,11.38%,38.98%,-11.45,13.41
600686 CH Equity,XIAMEN KING LO-A,58.54M,35.87,3.64,21.64,10.19%,Industrials,11.91B,2.79%,2.50%,295.80%,208.45%,29.26,4.65
285 HK Equity,BYD ELECTRONIC,58.47M,15.66,1.6,4.35,10.52%,Information Technology,63.36B,6.39%,7.75%,25.81%,-35.30%,-32.11,-2.36
600773 CH Equity,TIBET URBAN -A,58.47M,336.62,3.51,--,1.05%,Real Estate,16.58B,0.30%,-3.13%,70.21%,-4.83%,56.94,8.34
000901 CH Equity,AEROSPACE HI-T-A,58.47M,151.5,4.14,48.42,2.77%,Consumer Discretionary,17.87B,0.66%,0.03%,13.44%,-281.61%,30.63,12.28
688001 CH Equity,SUZHOU HYC TEC-A,58.46M,--,5.29,105.67,-8.05%,Information Technology,18.62B,-1.59%,-5.98%,39.97%,65.10%,40.42,16.02
600388 CH Equity,FUJIAN LONGKIN-A,58.41M,21.88,2.23,59.3,10.52%,Industrials,24.49B,4.57%,6.86%,46.86%,61.73%,26.59,7.68
603300 CH Equity,ZHEJIANG HAIKONG,58.37M,20.14,2.03,17.05,10.30%,Industrials,13.30B,4.96%,6.54%,229.95%,21.12%,-14.92,-3.06
603227 CH Equity,XINJIANG XUEFE-A,57.58M,21.59,2.11,47.36,10.00%,Materials,10.88B,4.63%,8.26%,15.37%,72.23%,6.17,1.43
600114 CH Equity,NBTM NEW MATER-A,57.57M,34.63,5.71,25.78,18.07%,Consumer Discretionary,18.97B,2.89%,12.10%,69.00%,78.70%,-9.05,13.3
600201 CH Equity,JINYU BIO-TECH-A,57.50M,164.21,3.07,81.37,1.85%,Health Care,16.80B,0.61%,0.75%,0.68%,94.67%,48.72,7.89
600452 CH Equity,CHONGQING FULI-A,57.22M,45.17,3.24,259.3,7.26%,Utilities,17.73B,2.21%,6.28%,0.41%,-42.24%,18.97,2.45
688502 CH Equity,MLOPTIC CORP-A,56.95M,319.11,15.04,--,4.80%,Information Technology,18.19B,0.31%,3.89%,11.64%,22.18%,-16.6,82.23
000811 CH Equity,MOON ENVIRONME-A,56.90M,31.83,3.02,26.73,9.68%,Industrials,18.58B,3.14%,6.52%,24.69%,11.72%,30.27,10.52
600643 CH Equity,SHANGHAI AJ GR-A,56.78M,--,0.69,--,-4.82%,Financials,8.24B,-7.18%,-3.61%,76.09%,-91.56%,-8.01,0.52
600372 CH Equity,AVIC AIRBORNE SY,56.75M,58.54,1.64,--,2.83%,Industrials,62.52B,1.71%,2.43%,46.57%,34.13%,2.97,2.09
603236 CH Equity,QUECTEL WIRELE-A,56.74M,20.57,4.39,--,23.15%,Information Technology,21.84B,4.86%,12.20%,93.24%,84.38%,-26.91,8.9
300443 CH Equity,JINLEI TECHNOL-A,56.57M,29.92,1.5,--,5.11%,Industrials,9.45B,3.34%,4.79%,0.24%,-33.83%,-1.42,11.15
300260 CH Equity,KUNSHAN KINGL-A,56.41M,114.04,9.5,--,8.66%,Industrials,19.88B,0.88%,5.16%,104.13%,-33.83%,-10.8,9.55
002237 CH Equity,SHANDONG HUMON-A,56.40M,27.41,1.63,--,5.51%,Materials,21.65B,3.65%,3.66%,95.34%,646.96%,-0.53,4.78
688036 CH Equity,SHENZHEN TRANS-A,56.37M,23.14,2.93,17.07,12.66%,Information Technology,60.06B,4.32%,7.88%,35.15%,-75.84%,-40.49,-34.7
688169 CH Equity,BEIJING ROBORO-A,56.26M,19.07,2.14,--,11.84%,Consumer Discretionary,29.54B,5.24%,9.04%,8.67%,31.09%,-42.36,-22.71
603826 CH Equity,FUJIAN KUNCAI -A,56.22M,484.46,8.9,--,1.86%,Materials,17.36B,0.21%,2.57%,96.13%,0.81%,37.68,8.49
823 HK Equity,LINK REIT,55.92M,--,0.62,16.88,-4.11%,Real Estate,97.82B,-6.94%,-2.53%,34.48%,-0.02%,-4,7.56
1109 HK Equity,CHINA RES LAND,55.78M,7.18,0.6,17.47,9.05%,Real Estate,209.51B,13.93%,4.43%,68.59%,-9.35%,-0.27,5.4
301291 CH Equity,GUANGDONG MING-A,55.77M,23.77,3.36,--,14.84%,Industrials,16.51B,4.21%,11.44%,26.64%,-15.67%,5.78,12.29
002236 CH Equity,ZHEJIANG DAHUA-A,55.71M,14.53,1.48,15.34,10.53%,Information Technology,56.70B,6.88%,6.54%,9.90%,55.35%,-15.37,2.72
600490 CH Equity,PENGXIN INTERN-A,55.65M,70.74,2.83,121.35,4.12%,Materials,17.99B,1.41%,4.03%,9.42%,616.24%,1.75,4.32
300337 CH Equity,YINBANG CLAD M-A,55.64M,848.36,5.89,--,0.70%,Materials,10.32B,0.12%,2.42%,237.46%,-27.16%,23.62,2.27
688208 CH Equity,AUTEL INTELLIG-A,55.53M,25.71,6.31,51.81,25.20%,Consumer Discretionary,24.41B,3.89%,15.81%,44.86%,19.81%,-5.38,14.65
002063 CH Equity,YGSOFT INC-A,55.15M,39.36,3.2,36.13,8.43%,Information Technology,12.04B,2.54%,8.29%,5.51%,-5.89%,-1.4,0.66
603283 CH Equity,SUZHOU SECOTE-A,55.13M,26.98,3.91,51.48,15.53%,Industrials,12.57B,3.71%,11.09%,35.37%,-12.85%,-9.33,13.61
603612 CH Equity,SUNSTONE DEVEL-A,54.86M,18.3,2.3,--,13.01%,Materials,12.95B,5.46%,7.37%,122.40%,332.24%,0.39,11.25
600600 CH Equity,TSINGTAO BREW-A,54.84M,18.59,2.78,29.74,15.37%,Consumer Staples,73.53B,5.38%,14.45%,0.76%,-13.70%,-7.25,-15.94
688091 CH Equity,SHANGHAI YIZHO-A,54.66M,509.4,8.03,--,1.58%,Health Care,11.80B,0.20%,0.68%,0.00%,4.06k%,0.88,16.41
000983 CH Equity,SHANXI COKING-A,54.64M,21.62,1,--,4.62%,Energy,36.67B,4.63%,4.50%,62.39%,-52.61%,-11.32,0.06
603678 CH Equity,FUJIAN TORCH E-A,54.54M,46.54,2.48,--,5.51%,Information Technology,15.27B,2.15%,4.33%,29.84%,-3.77%,-17.01,-8.01
600999 CH Equity,CHINA MERCHANT-A,54.27M,8.67,0.83,11.98,9.95%,Financials,130.33B,11.53%,2.03%,301.68%,6.61%,-9.79,-1.04
688062 CH Equity,MABWELL SHANGH-A,53.95M,--,43.24,--,-101.06%,Health Care,15.16B,-6.40%,-25.28%,529.10%,-7.74%,-15.15,17.02
600958 CH Equity,ORIENT SECURIT-A,53.85M,7.8,0.53,--,6.99%,Financials,72.74B,12.83%,1.65%,285.86%,14.78%,-21.06,0.43
300229 CH Equity,TRS INFO TECH-A,53.77M,--,4,--,-8.14%,Information Technology,15.86B,-1.91%,-8.28%,0.36%,-67.33%,-15.14,-0.07
605116 CH Equity,AURISCO PHARMA-A,53.70M,25.84,4.35,304.43,17.65%,Health Care,11.06B,3.87%,12.56%,41.51%,34.26%,19.43,7.38
688126 CH Equity,NATIONAL SILIC-A,53.59M,--,4.26,--,-8.79%,Information Technology,57.87B,-2.22%,-5.30%,48.27%,-69.97%,-32.52,-0.61
000620 CH Equity,WINNOVATION CU-A,53.55M,--,1.03,--,-22.11%,Real Estate,16.26B,-10.57%,-11.81%,40.52%,63.35%,68.9,1.18
300457 CH Equity,SHENZHEN YINGH-A,53.45M,32.86,2.59,29.04,8.04%,Industrials,17.62B,3.04%,7.30%,33.90%,1.71k%,-11.62,11.25
288 HK Equity,WH GROUP LTD,53.34M,10.91,1.53,9.13,14.34%,Consumer Staples,133.95B,9.16%,11.57%,32.20%,-5.02%,35.23,5.41
000930 CH Equity,COFCO BIOTECH -A,53.31M,132.29,1.17,22.26,0.89%,Materials,12.51B,0.76%,0.67%,37.74%,-59.53%,11.59,0.92
300655 CH Equity,CRYSTAL CLEAR-A,53.12M,--,6.03,77.38,-1.94%,Materials,15.99B,-0.34%,-0.14%,18.88%,236.11%,-2.22,7.29
002104 CH Equity,HENGBAO CO LTD-A,53.01M,266.27,5.09,71.93,1.91%,Information Technology,10.90B,0.38%,1.04%,1.50%,-81.56%,-26.01,8.84
002537 CH Equity,HYUNION HOLDIN-A,52.85M,42.93,2.08,--,4.81%,Consumer Discretionary,9.16B,2.33%,2.75%,52.72%,-38.37%,-12.26,2.1
600629 CH Equity,ARCPLUS GROUP -A,52.82M,308.96,4.06,59.05,1.36%,Industrials,21.52B,0.32%,1.81%,19.53%,-66.71%,-25.42,15.45
601083 CH Equity,SHANGHAI JINJI-A,52.73M,11.27,1.8,13.72,16.63%,Industrials,16.97B,8.88%,14.20%,15.22%,2.74%,15.36,2.73
301345 CH Equity,ZHEJIANG TAOTA-A,52.60M,29.63,6.69,46.37,24.01%,Consumer Discretionary,24.23B,3.37%,18.86%,32.44%,61.79%,-3.47,177.92
002601 CH Equity,LB GROUP CO LT-A,52.54M,32.65,1.78,28.65,5.40%,Materials,42.01B,3.06%,3.38%,114.27%,-66.73%,-12.76,1.85
600850 CH Equity,CETC DIGITAL T-A,52.10M,27.08,2.79,--,10.71%,Information Technology,13.56B,3.69%,7.99%,38.64%,-17.18%,-32.41,-2.82
000969 CH Equity,ADVANCED TECH -A,51.93M,59.57,3.77,50.33,6.45%,Materials,22.16B,1.68%,4.58%,30.13%,377.55%,28.52,10.07
002706 CH Equity,SHANGHAI LIANG-A,51.55M,34.82,2.69,39.84,7.48%,Industrials,10.96B,2.87%,6.65%,6.61%,-25.56%,-16.79,2.55
300352 CH Equity,BEIJING VRV SO-A,51.47M,--,8.15,509.03,-19.31%,Information Technology,10.05B,-2.62%,-19.15%,18.36%,35.25%,19.07,2.49
601021 CH Equity,SPRING AIRLINE-A,51.38M,23.25,2.56,--,11.17%,Industrials,46.55B,4.30%,5.90%,115.29%,-5.50%,-9.42,-5.62
002891 CH Equity,YANTAI CHINA P-A,51.36M,25.78,4.05,24.95,16.65%,Consumer Staples,12.29B,3.88%,10.86%,48.53%,16.65%,-30.07,-3.11
300257 CH Equity,KAISHAN GROUP-A,51.33M,75.01,4.6,485.55,6.25%,Industrials,30.41B,1.33%,4.50%,121.26%,164.37%,90.77,21.91
600916 CH Equity,CHINA NATIONAL-A,51.31M,38.01,2.16,59.74,5.59%,Consumer Discretionary,15.54B,2.63%,4.19%,5.03%,216.79%,8.82,0.98
300913 CH Equity,ZHEJIANG ZHAOL-A,51.06M,85.09,12.46,279.71,16.21%,Industrials,18.20B,1.18%,12.90%,1.67%,37.96%,-3.58,16.46
000875 CH Equity,SPIC GREEN ENE-A,51.03M,55.37,1.33,--,3.08%,Utilities,23.25B,1.81%,2.70%,185.91%,-97.40%,2.79,1.33
000035 CH Equity,CHINA TIANYING-A,50.81M,72.47,1.46,--,2.10%,Industrials,15.93B,1.38%,2.93%,104.05%,225.21%,12.86,2.23
300593 CH Equity,BEIJING RELPOW-A,50.79M,--,5.51,--,-17.45%,Industrials,13.23B,-3.44%,-11.26%,50.78%,-79.70%,18.18,10.88
CLAR SP Equity,CAPITALAND ASCEN,50.75M,15,1.11,--,7.59%,Real Estate,12.30B,6.66%,4.84%,73.01%,-24.53%,-6.91,0.16
002468 CH Equity,STO EXPRESS CO-A,50.74M,20.62,2.31,223.66,11.61%,Industrials,23.76B,4.85%,7.04%,99.03%,49.69%,-11.77,4.43
000596 CH Equity,ANHUI GUJINGD-A,50.64M,11.48,2.13,224.88,19.17%,Consumer Staples,49.15B,8.71%,16.28%,6.23%,-74.94%,-32.85,-71.66
000966 CH Equity,CHN ENERGY CHA-A,50.41M,129.22,1.09,--,1.20%,Utilities,15.11B,0.77%,1.27%,163.80%,-64.42%,-2.25,-0.26
002815 CH Equity,SUNTAK TECHNOL-A,50.30M,51.08,2.03,--,3.86%,Information Technology,18.23B,1.96%,3.61%,11.69%,2.96k%,1.58,5.56
600864 CH Equity,HARBIN HATOU -A,50.10M,21.57,1.02,9.55,4.75%,Utilities,13.52B,4.64%,-0.04%,131.88%,4.08%,-13.68,1.26
000661 CH Equity,CHANGCHUN HIGH-A,49.96M,35.89,1.49,--,4.17%,Health Care,34.73B,2.79%,4.28%,7.71%,-82.64%,-37.53,-10.99
603327 CH Equity,SICHUAN FURONG-A,49.87M,100.83,4.92,--,5.05%,Materials,10.51B,0.99%,3.59%,55.63%,3.67%,9.6,1.68
300133 CH Equity,ZHEJIANG HUACE-A,49.85M,54.34,1.88,--,3.50%,Communication Services,13.86B,1.84%,3.21%,20.11%,-42.74%,-6.85,0.52
000899 CH Equity,JIANGXI GANNEN-A,49.76M,13.23,1.98,--,15.79%,Utilities,12.51B,7.56%,6.24%,159.75%,56.09%,29.1,3.84
002597 CH Equity,ANHUI JINHE IN-A,49.39M,24.82,1.79,--,7.17%,Materials,13.55B,4.03%,4.99%,24.04%,-82.51%,12.18,0.8
688003 CH Equity,SUZHOU TZTEK T-A,49.34M,108.86,7.22,329.13,6.74%,Information Technology,13.57B,0.92%,4.79%,58.01%,44.54%,24.79,26.96
301095 CH Equity,SEMITRONIX COR-A,49.27M,126.42,4.39,--,3.54%,Information Technology,14.01B,0.79%,2.15%,2.19%,26.33%,-18.14,23.3
002518 CH Equity,SHENZHEN KSTAR-A,49.16M,56.92,5.9,41.34,10.74%,Industrials,27.48B,1.76%,7.92%,16.63%,40.71%,12.49,25.99
600389 CH Equity,NANTONG JIANGS-A,49.09M,28.09,3.28,--,12.17%,Materials,13.41B,3.56%,5.49%,69.96%,59.09%,18.16,17.17
2319 HK Equity,MENGNIU DAIRY,49.04M,38.18,1.45,8.09,3.77%,Consumer Staples,67.03B,2.62%,2.76%,53.81%,82.56%,17.71,-2.53
603887 CH Equity,SHANGHAI CDXJ-A,48.91M,--,2.66,--,-6.76%,Industrials,9.60B,-2.24%,-1.73%,114.20%,54.80%,-2.92,-2.01
688321 CH Equity,SHENZHEN CHIPS-A,48.84M,242.93,7.61,--,3.18%,Health Care,13.44B,0.41%,2.98%,95.11%,87.41%,-1.91,14.01
000791 CH Equity,GEPIC ENERGY D-A,48.80M,11.4,1.55,21.59,14.34%,Utilities,23.39B,8.77%,9.18%,96.62%,-41.25%,6.97,0.78
301327 CH Equity,SHENZHEN HELLO-A,48.68M,50.04,1.79,--,3.61%,Consumer Staples,11.15B,2.00%,2.35%,10.86%,-7.83%,-12.54,22.81
301316 CH Equity,HYDSOFT TECHNO-A,48.58M,174.72,15.95,--,9.50%,Information Technology,17.74B,0.57%,4.95%,31.67%,131.08%,-13.97,18.91
300634 CH Equity,RICHINFO TECHN-A,48.28M,49.48,3.92,94.28,8.27%,Information Technology,11.43B,2.02%,6.72%,1.52%,-0.25%,-4.42,3.03
300725 CH Equity,PHARMABLOCK SC-A,48.03M,37.25,1.22,13.26,4.00%,Health Care,8.75B,2.68%,3.40%,2.46%,121.14%,-8.91,7.76
000166 CH Equity,SHENWAN HONGYU-A,47.99M,12.19,1.04,5.46,8.79%,Financials,110.59B,8.21%,1.92%,274.51%,10.10%,-13.82,0.08
601229 CH Equity,BANK OF SHANGH-A,47.97M,5.89,0.57,--,9.97%,Financials,136.69B,16.98%,2.57%,453.49%,7.38%,7.95,-0.04
300459 CH Equity,ZHEJIANG JINKE-A,47.88M,--,6.9,409.4,-36.36%,Communication Services,14.45B,-6.83%,-22.54%,69.01%,-95.46%,-14.37,-0.81
301071 CH Equity,HENAN LILIANG -A,47.77M,151.01,2,152.26,1.32%,Materials,10.85B,0.66%,0.04%,15.89%,-51.87%,19.33,13.7
688523 CH Equity,HUNAN AEROSPAC-A,47.66M,239.12,14.48,--,6.24%,Industrials,24.56B,0.42%,4.66%,29.43%,-18.50%,159.35,40.15
601838 CH Equity,BANK OF CHENGD-A,47.57M,5.48,0.86,--,16.72%,Financials,73.11B,18.24%,4.13%,282.12%,-0.73%,-1.37,1.21
002635 CH Equity,SUZHOU ANJIE T-A,47.48M,91.96,1.78,26.87,1.91%,Industrials,10.39B,1.09%,0.82%,14.66%,-35.17%,8.1,2.91
002048 CH Equity,NINGBO HUAXIAN-A,47.35M,67.54,1.95,16.44,2.88%,Consumer Discretionary,21.96B,1.48%,6.35%,26.04%,-19.54%,-31.28,14.82
600596 CH Equity,ZHEJIANG XINAN-A,47.35M,--,1.3,--,-0.11%,Materials,16.11B,-0.09%,0.02%,31.55%,-0.34%,9.44,4.41
600023 CH Equity,ZHEJIANG ZHENE-A,47.31M,9.99,0.97,10.69,9.90%,Utilities,73.08B,10.01%,4.18%,57.62%,-2.69%,5.62,0.26
002182 CH Equity,BAOWU MAGNESIU-A,47.26M,172.44,2.99,--,1.74%,Materials,16.09B,0.58%,1.50%,108.87%,-32.96%,3.44,5
002896 CH Equity,NINGBO ZHONGDA-A,46.93M,192.34,11.84,--,6.19%,Industrials,14.15B,0.52%,5.83%,18.29%,-19.41%,-22.99,12.96
300638 CH Equity,FIBOCOM WIRELE-A,46.91M,55.57,3.59,175.61,7.04%,Information Technology,20.63B,1.80%,5.49%,21.51%,-34.87%,-23.07,0.29
002550 CH Equity,CHANGZHOU QIAN-A,46.90M,22.38,3.53,40.06,16.45%,Health Care,9.70B,4.47%,14.83%,0.70%,-6.46%,-15.96,2.32
300363 CH Equity,PORTON PHARMA -A,46.82M,124.22,2.2,26.49,1.83%,Health Care,11.78B,0.81%,1.09%,33.54%,176.27%,-12.93,7.18
301269 CH Equity,EMPYREAN TECHN-A,46.75M,747.99,8.84,346.37,1.19%,Information Technology,45.93B,0.13%,-0.67%,1.57%,-87.55%,-30.88,-42.86
600233 CH Equity,YTO EXPRESS GR-A,46.66M,17.24,2.04,--,12.38%,Industrials,68.18B,5.80%,10.37%,22.93%,15.31%,9.93,8.24
301155 CH Equity,JIANGSU HAILI -A,46.62M,43.59,2.46,--,5.81%,Industrials,14.17B,2.29%,4.21%,44.39%,386.26%,-33.46,9.54
002073 CH Equity,MESNAC CO LTD -A,46.49M,18.11,1.16,107.91,6.57%,Industrials,7.33B,5.52%,4.36%,57.73%,-50.43%,-19.64,-0.11
688409 CH Equity,SHENYANG FORTU-A,45.87M,578.47,6.44,--,1.10%,Information Technology,29.67B,0.17%,0.47%,63.33%,-49.73%,21.4,44.07
000786 CH Equity,BEIJING NEW BU-A,45.73M,15.04,1.61,14.44,11.00%,Industrials,44.02B,6.65%,9.91%,7.33%,-42.15%,5.21,-3.94
000543 CH Equity,AN HUI WENERGY-A,45.67M,7.64,1.06,12.34,14.65%,Utilities,18.23B,13.10%,5.39%,141.64%,60.71%,2.42,1.19
601137 CH Equity,NINGBO BOWAY A-A,45.53M,13.73,1.78,--,13.64%,Materials,17.77B,7.28%,7.22%,93.89%,-59.87%,-26.06,3.37
001301 CH Equity,SHIJIAZHUANG S-A,45.52M,19.59,2.82,--,15.18%,Industrials,19.06B,5.10%,11.83%,52.00%,8.83%,-6.49,23.27
001339 CH Equity,JWIPC TECHNOLO-A,45.46M,92.07,7.15,85.56,8.11%,Information Technology,16.11B,1.09%,7.29%,94.85%,-42.05%,9.93,18.88
300045 CH Equity,HWA CREATE CO -A,45.39M,--,8.95,--,-6.32%,Industrials,14.37B,-0.73%,-5.89%,2.89%,1.39k%,-2.6,4.66
688658 CH Equity,YOUCARE PHARMA-A,45.38M,--,2.5,44.69,-7.61%,Health Care,8.40B,-3.16%,-6.15%,22.32%,-53.39%,-16.05,5.49
605111 CH Equity,WUXI NCE POWER-A,45.37M,40.45,3.68,46.61,9.51%,Information Technology,15.91B,2.47%,8.83%,2.19%,-36.57%,7.28,7.74
300357 CH Equity,ZHEJIANG WOLWO-A,45.37M,35.11,5.2,65.42,15.63%,Health Care,13.71B,2.85%,13.50%,0.71%,35.84%,-10.72,5.93
002895 CH Equity,GUIZHOU CHANHE-A,45.20M,18.36,3.14,138.19,18.16%,Materials,24.12B,5.45%,11.87%,34.25%,3.76%,25.58,19.04
600100 CH Equity,TSINGHUA TONG-A,44.96M,70.03,1.66,32.28,2.53%,Information Technology,26.80B,1.43%,-0.26%,70.56%,67.53%,-1.11,0.97
000880 CH Equity,WEICHAI HEAVY-A,44.80M,52.37,6.01,17.58,11.53%,Industrials,12.64B,1.91%,5.37%,70.24%,111.66%,-12.6,-0.17
300319 CH Equity,SHENZHEN MICRO-A,44.77M,30.05,2.18,--,7.44%,Information Technology,10.39B,3.33%,4.98%,21.44%,-42.76%,-7.43,2.23
002270 CH Equity,HUAMING POWER -A,44.73M,35.04,7.85,64.75,22.50%,Industrials,25.07B,2.85%,16.23%,38.56%,-7.40%,30.38,14.96
601618 CH Equity,METALLURGICAL-A,44.63M,5.57,0.29,6.95,0.05%,Industrials,57.10B,17.95%,-2.63%,57.54%,-48.62%,-26.67,0.06
300049 CH Equity,INNER MONGOLIA-A,44.49M,97.95,7.6,92.59,8.27%,Health Care,15.15B,1.02%,11.72%,7.50%,75.30%,-16.94,27.54
6618 HK Equity,JD HEALTH,44.49M,25.96,2.35,16.81,9.32%,Consumer Staples,162.30B,3.85%,7.08%,1.06%,1.83%,-19.25,18.65
002913 CH Equity,AOSHIKANG TECH-A,44.35M,44.48,3.59,821.48,8.18%,Information Technology,15.84B,2.25%,4.64%,47.57%,50.32%,16.42,29.43
688131 CH Equity,SHANGHAI HAOYU-A,44.19M,51.83,4.94,866.19,10.14%,Health Care,15.39B,1.93%,7.23%,70.48%,14.58%,-10.34,40.1
603305 CH Equity,NINGBO XUSHENG-A,44.16M,32.22,2.07,71.89,5.79%,Consumer Discretionary,17.21B,3.10%,3.47%,69.47%,64.49%,-14.38,3.86
300315 CH Equity,OURPALM CO LT-A,43.94M,--,2.64,107.23,-0.17%,Communication Services,13.05B,-0.07%,-2.85%,0.78%,-31.37%,-11.07,0.32
002545 CH Equity,QINGDAO EAST-A,43.90M,30.52,2.99,26.73,10.19%,Materials,28.27B,3.28%,6.86%,18.84%,68.80%,62.52,16.45
603456 CH Equity,ZHEJIANG JIUZH-A,43.78M,21.23,1.75,14.24,8.35%,Health Care,15.31B,4.71%,7.29%,3.80%,42.02%,-13.3,5.18
300641 CH Equity,JIANGSU ZHENGD-A,43.65M,9.66,3.19,9.89,35.83%,Materials,9.93B,10.35%,32.34%,0.07%,-92.88%,-15.4,-9.09
688543 CH Equity,JIANGXI GUOKE -A,43.65M,58.16,5.92,37.83,10.51%,Industrials,14.29B,1.72%,8.23%,10.05%,142.23%,33.15,26.24
300348 CH Equity,SHENZHEN SUNLI-A,43.61M,3.25k,5.21,4.71k,0.16%,Information Technology,11.06B,0.03%,7.74%,8.77%,201.72%,-8.76,2.26
688 HK Equity,CHINA OVERSEAS,43.60M,8.79,0.29,--,3.30%,Real Estate,128.38B,11.38%,1.38%,58.99%,-21.53%,-17.16,-1.11
002249 CH Equity,ZHONGSHAN BROA-A,43.59M,20.57,2.28,16.7,11.30%,Industrials,22.68B,4.86%,7.35%,32.32%,-22.33%,-14.51,3.47
301571 CH Equity,TEEMSUN TECHNO-A,43.55M,64.53,6.54,--,11.46%,Industrials,12.46B,1.55%,9.44%,37.76%,-12.52%,54.54,29.91
002100 CH Equity,TECON BIOLOGY -A,43.47M,23.26,1.47,13.72,6.39%,Consumer Staples,10.54B,4.30%,4.80%,64.93%,-73.81%,0,1.13
300416 CH Equity,SUZHOU SUSHI T-A,43.41M,34.89,3.25,33.59,9.52%,Information Technology,8.98B,2.87%,7.19%,37.99%,20.26%,-0.28,0.58
000301 CH Equity,EASTERN SHENGH-A,43.24M,--,2.16,12.29,-2.22%,Materials,74.05B,-1.11%,1.42%,388.48%,72.98%,12.9,3.51
603009 CH Equity,SHANGHAI BEITE-A,43.24M,163.89,9.82,--,6.15%,Consumer Discretionary,17.25B,0.61%,4.51%,62.72%,107.96%,-5.43,12.8
601969 CH Equity,HAINAN MINING -A,43.04M,50.62,3.15,91.83,6.22%,Materials,21.83B,1.98%,4.05%,49.57%,-67.48%,23.28,4.16
688559 CH Equity,HYMSON LASER T-A,42.68M,--,5.48,370.36,-41.98%,Industrials,13.09B,-9.59%,-16.17%,208.69%,-87.33%,36.16,28.32
300682 CH Equity,LONGSHINE TECH-A,42.66M,163.26,2.52,70.08,1.54%,Information Technology,17.10B,0.61%,-0.40%,13.42%,-35.91%,-16.75,4.74
300088 CH Equity,WUHU TOKEN-A,42.64M,43.62,1.75,133.08,4.08%,Information Technology,15.46B,2.29%,2.45%,58.52%,-38.43%,-5.93,1.01
600258 CH Equity,BTG HOTELS GRO-A,42.46M,20.76,1.39,6.46,6.82%,Consumer Discretionary,16.84B,4.82%,4.64%,68.37%,-4.94%,4.94,-0.24
688652 CH Equity,BEIJING JINGYI-A,42.16M,117.23,7.84,111.81,6.92%,Information Technology,17.27B,0.85%,5.77%,13.95%,-24.23%,6.14,43.55
300007 CH Equity,HANWEI ELECT-A,42.15M,427.18,4.83,--,2.83%,Information Technology,14.03B,0.23%,1.56%,32.25%,15.26%,-27.75,10.8
002315 CH Equity,FOCUS TECH-A,42.10M,25.26,4.64,24.12,19.17%,Communication Services,12.72B,3.96%,16.33%,0.54%,-3.29%,-16.61,6.17
600682 CH Equity,NANJING XINJIE-A,41.98M,44,0.56,16.67,1.26%,Health Care,9.99B,2.27%,1.30%,5.37%,-64.00%,0.27,1
600556 CH Equity,INMYSHOW-A,41.97M,503.94,2.85,66.11,0.81%,Communication Services,10.97B,0.20%,0.70%,12.21%,-96.20%,4.66,1.68
300573 CH Equity,SHENYANG XINGQ-A,41.83M,25.74,8.95,71.62,37.08%,Health Care,16.70B,3.89%,34.29%,7.21%,103.92%,0.61,17.37
600478 CH Equity,HUNAN CORUN NE-A,41.62M,63.3,4.12,32.59,6.75%,Industrials,11.96B,1.58%,3.31%,157.81%,5.52k%,12.01,2.92
000895 CH Equity,HENAN SHUAN-A,41.46M,18.81,4.49,14.84,24.03%,Consumer Staples,96.01B,5.32%,16.36%,48.80%,-2.61%,11.6,1.99
300777 CH Equity,SINOFIBERS TEC-A,41.44M,39.06,3.61,--,9.51%,Materials,16.29B,2.56%,8.82%,4.13%,-35.01%,5.11,3.45
601678 CH Equity,BEFAR GROUP CO-A,41.37M,44.88,0.9,12.48,1.95%,Materials,10.28B,2.23%,1.35%,86.13%,36.35%,13.64,1.32
603663 CH Equity,SANXIANG ADVAN-A,40.97M,233.48,13.41,136.62,5.84%,Materials,17.74B,0.43%,4.18%,26.87%,129.84%,50.67,21.44
600803 CH Equity,ENN NATURAL-A,40.87M,14.82,2.64,11.59,19.46%,Utilities,65.01B,6.75%,9.24%,54.86%,67.39%,13.21,2.47
002019 CH Equity,YIFAN PHARMACE-A,40.85M,38.65,1.52,--,4.70%,Health Care,15.73B,2.59%,4.06%,28.90%,-10.69%,-8.1,1.79
002539 CH Equity,CHENGDU WINTRU-A,40.79M,21.13,1.85,--,9.03%,Materials,17.11B,4.73%,5.03%,136.63%,2.86%,30,7.26
600292 CH Equity,SPIC HYDROPOWE-A,40.75M,4.52k,2.19,--,0.07%,Industrials,63.95B,0.02%,0.29%,32.57%,-4.89%,13.71,0.27
601952 CH Equity,JIANGSU PROVIN-A,40.60M,24.39,2.08,9.51,8.63%,Consumer Staples,14.10B,4.10%,6.20%,71.35%,-66.43%,8.26,-0.86
603530 CH Equity,JIANGSU SHEMAR-A,40.56M,68.52,15.69,--,22.48%,Industrials,25.62B,1.46%,17.05%,41.47%,61.19%,54.93,36.99
605099 CH Equity,COCREATION GRA-A,40.44M,27.43,5.8,32.48,22.39%,Consumer Discretionary,17.44B,3.65%,18.73%,16.72%,53.69%,38.88,24.25
601619 CH Equity,JIAZE RENEWABLES,40.41M,18.41,1.91,9.94,9.64%,Utilities,15.12B,5.43%,7.72%,69.25%,20.10%,-9.24,1.81
301606 CH Equity,UGREEN GROUP L-A,40.33M,42.93,8.95,--,22.45%,Information Technology,30.25B,2.33%,20.46%,4.32%,71.82%,14.75,42.53
1113 HK Equity,CK ASSET HOLDING,40.16M,15.28,0.42,15.64,2.77%,Real Estate,165.68B,6.55%,2.02%,13.76%,52.47%,23.28,20.84
002993 CH Equity,DONGGUAN AOHAI-A,40.15M,26.55,2.78,17.12,10.56%,Information Technology,13.94B,3.77%,7.11%,37.34%,232.45%,13.3,21.47
291 HK Equity,CHINA RESOURCES,40.13M,22.75,2.37,16.8,10.54%,Consumer Staples,87.59B,4.40%,6.65%,7.80%,2.83%,-2.46,0.77
688262 CH Equity,C*CORE TECHNOL-A,40.05M,--,5.52,--,-8.38%,Information Technology,11.39B,-1.61%,-8.70%,5.14%,-18.27%,13.26,8.17
27 HK Equity,GALAXY ENTERTAIN,39.98M,14.54,1.87,--,13.42%,Consumer Discretionary,155.38B,6.88%,10.66%,2.34%,25.24%,-7.84,9.77
600459 CH Equity,SINO-PLATINUM-A,39.90M,24.08,2.07,15.43,8.91%,Materials,15.32B,4.15%,4.92%,117.78%,19.42%,15.66,7.88
300999 CH Equity,YIHAI KERRY AR-A,39.90M,48.42,1.58,10.47,4.05%,Consumer Staples,152.40B,2.07%,1.80%,108.38%,-25.40%,-10.9,-4.37
002906 CH Equity,FORYOU CORP-A,39.78M,20.05,2.25,--,11.62%,Consumer Discretionary,15.71B,4.99%,8.35%,46.19%,17.71%,-8.97,1.65
STM SP Equity,SEATRIUM LTD,39.77M,25.97,1.22,378.05,4.89%,Industrials,8.39B,3.85%,4.23%,42.76%,131.93%,8.77,0.74
2688 HK Equity,ENN ENERGY,39.76M,10.74,1.35,24.16,12.71%,Utilities,74.14B,9.31%,8.51%,36.50%,-11.46%,0.35,8.05
300224 CH Equity,YANTAI ZHENGHA-A,39.66M,41.97,2.65,500.92,6.76%,Industrials,13.69B,2.38%,4.15%,51.87%,139.07%,-17.31,1.98
002544 CH Equity,CETC POTEVIO S-A,39.63M,1.71k,4.79,216.79,0.28%,Information Technology,17.90B,0.06%,0.06%,33.65%,70.18%,5.11,5.88
600886 CH Equity,SDIC POWER HOL-A,39.60M,16.35,1.63,--,10.64%,Utilities,107.74B,6.12%,4.82%,131.09%,-4.70%,-1.25,-0.88
300009 CH Equity,ANHUI ANKE BIO-A,39.60M,22.29,3.6,21.56,16.94%,Health Care,16.38B,4.49%,15.69%,1.36%,34.63%,-5.04,2.01
688032 CH Equity,HOYMILES POWER-A,39.58M,350.49,2.41,--,0.65%,Industrials,14.07B,0.29%,-1.11%,19.10%,-80.42%,0.79,16.16
300674 CH Equity,YUSYS TECHNOLO-A,39.54M,33.19,3.13,37.76,9.77%,Information Technology,14.27B,3.01%,7.49%,19.19%,-3.00%,-18.33,-0.83
688380 CH Equity,SHENZHEN CHINA-A,39.37M,61.55,5.53,--,9.21%,Information Technology,17.65B,1.62%,7.68%,6.99%,742.37%,16.86,19.99
600633 CH Equity,ZHEJIANG DAILY-A,39.25M,27.93,1.55,30.36,5.65%,Communication Services,15.88B,3.58%,4.84%,6.05%,1.33%,-11.83,0.22
002219 CH Equity,NEW JOURNEY HE-A,39.17M,352.77,4.16,432.22,1.10%,Health Care,8.20B,0.28%,2.74%,95.30%,-1.32k%,7.08,0.08
688698 CH Equity,SUZHOU VEICHI-A,39.14M,54.8,6.17,--,11.78%,Industrials,14.36B,1.82%,8.89%,23.35%,8.49%,-25.84,23.65
300134 CH Equity,ANHUI TATFOOK-A,39.04M,--,2.22,--,-10.50%,Information Technology,8.45B,-4.97%,-7.99%,15.67%,36.83%,-6.93,0.23
603369 CH Equity,JIANGSU KING'S-A,38.98M,11.28,1.97,1.41k,18.17%,Consumer Staples,32.44B,8.86%,15.23%,14.37%,-49.14%,-33.28,-26.36
688332 CH Equity,SHENZHEN BLUET-A,38.94M,10.63,2.85,201.94,30.52%,Information Technology,15.04B,9.41%,22.14%,2.70%,-28.10%,-20.66,20.89
688337 CH Equity,RIGOL TECHNOLO-A,38.90M,120.4,3.28,120.93,2.72%,Information Technology,10.37B,0.83%,1.18%,2.84%,235.44%,37.43,17.77
302132 CH Equity,AVIC CHENGDU A-A,38.87M,81.01,8.98,--,19.43%,Information Technology,179.03B,1.23%,11.22%,57.63%,-94.15%,-26.63,9.2
600409 CH Equity,TANGSHAN SANYO-A,38.80M,66.5,1.08,--,1.63%,Materials,15.03B,1.50%,1.14%,41.40%,-56.26%,27.05,2.29
002170 CH Equity,SHENZHEN BATIA-A,38.79M,14.17,3.49,16.37,28.86%,Materials,12.80B,7.06%,19.16%,30.58%,280.45%,19.77,4.32
002928 CH Equity,CHINA EXPRESS -A,38.76M,18.84,2.75,--,15.74%,Industrials,10.95B,5.31%,2.95%,421.50%,31.65%,-14.98,0.87
300896 CH Equity,IMEIK TECHNOLO-A,38.51M,26.53,4.52,28.55,16.79%,Health Care,34.29B,3.77%,15.34%,3.10%,-63.61%,-36.98,-67.36
300618 CH Equity,NANJING HANRUI-A,38.44M,47.85,2.34,--,5.00%,Materials,13.12B,2.09%,3.83%,35.69%,-19.23%,-18.8,12.06
600125 CH Equity,CHINA RAILWAY -A,38.40M,15.84,1.09,17.4,7.05%,Industrials,8.32B,6.31%,6.48%,7.73%,-79.87%,1.72,0.31
688107 CH Equity,SHANGHAI ANLOG-A,38.19M,--,12.21,--,-25.24%,Information Technology,11.52B,-2.36%,-24.49%,6.03%,-70.83%,-4.64,1.33
002354 CH Equity,TIANYU DIGITAL-A,38.16M,--,7.32,912.3,-4.98%,Communication Services,9.40B,-0.71%,-3.25%,7.83%,-62.38%,-18.39,0.24
601607 CH Equity,SHANG PHARM -A,38.13M,6.75,0.51,16.19,7.76%,Health Care,57.25B,14.81%,3.70%,73.55%,34.11%,-6.34,-1.17
CICT SP Equity,CAPITALAND INTEG,38.09M,18.57,1.09,29.79,5.89%,Real Estate,17.84B,5.38%,4.62%,60.72%,14.49%,1.9,0.41
688116 CH Equity,JIANGSU CNANO -A,37.98M,52.25,3.77,1.48k,8.00%,Materials,14.25B,1.91%,5.87%,39.47%,2.55%,-35.45,1.79
300327 CH Equity,SINO WEALTH EL-A,37.96M,140.03,4.72,56.51,3.42%,Information Technology,8.44B,0.71%,1.28%,3.33%,-97.91%,-5.65,4
300685 CH Equity,AMOY DIAGNOSTI-A,37.90M,30.9,4.56,27.91,15.40%,Health Care,8.93B,3.24%,13.17%,5.18%,0.85%,-1.64,3.09
12 HK Equity,HENDERSON LAND D,37.89M,30.36,0.46,24.69,1.75%,Real Estate,147.76B,3.29%,1.38%,23.39%,-12.85%,11.63,12.63
301031 CH Equity,XI'AN SINOFUSE-A,37.86M,45.89,10.51,112.73,24.79%,Industrials,14.12B,2.18%,15.88%,64.03%,63.93%,21.74,74.9
SIA SP Equity,SINGAPORE AIRLIN,37.85M,17.84,1.32,--,7.39%,Industrials,20.98B,5.60%,--,66.84%,-69.11%,1.57,0.77
600515 CH Equity,HAINAN AIRPORT-A,37.62M,132.99,1.75,--,1.32%,Real Estate,41.25B,0.75%,0.96%,72.60%,-49.12%,-12.59,-0.12
688779 CH Equity,MINMETALS NEW EN,37.56M,--,2.94,22.64,-4.93%,Industrials,20.62B,-1.69%,-2.24%,76.97%,-63.27%,45.64,6.16
601890 CH Equity,ASIAN STAR-A,37.56M,33.06,2.68,81.13,8.27%,Industrials,9.92B,3.02%,6.06%,24.15%,-29.76%,4.34,1.82
002163 CH Equity,HAINAN DEVELOP-A,37.51M,--,15.33,208.22,-53.31%,Industrials,10.80B,-4.78%,-17.79%,199.84%,18.09%,30.14,4.92
002221 CH Equity,ORIENTAL ENERG-A,37.39M,32.42,1.13,--,3.55%,Energy,12.58B,3.08%,3.05%,180.15%,-79.05%,-6.34,-0.16
600353 CH Equity,CHENGDU XUGUAN-A,37.25M,76.18,6.49,--,8.70%,Information Technology,12.31B,1.31%,5.07%,27.69%,43.05%,-21.82,7.27
002705 CH Equity,GUANGDONG XINB-A,37.18M,10.88,1.42,20.84,13.45%,Consumer Discretionary,12.12B,9.19%,9.02%,46.42%,-0.41%,-5.93,2.76
002171 CH Equity,ANHUI TRUCHUM-A,37.18M,28.22,2.02,--,7.61%,Materials,18.14B,3.54%,4.46%,112.53%,54.92%,11.8,2.5
000680 CH Equity,SHANTUI CONST-A,37.16M,14.36,2.84,26.04,21.22%,Industrials,17.55B,6.97%,8.50%,122.13%,-4.05%,13.59,3.29
STE SP Equity,SINGAP TECH ENG,37.12M,77.19,13.86,33.52,17.65%,Industrials,35.75B,1.30%,6.95%,165.44%,37.69%,34.55,5
688327 CH Equity,CLOUDWALK TECH-A,36.91M,--,14.06,--,-44.56%,Information Technology,13.35B,-3.73%,-40.21%,60.39%,36.97%,-22.12,-0.46
600761 CH Equity,ANHUI HELI CO-A,36.43M,12.67,1.43,16.05,11.54%,Industrials,15.51B,7.89%,8.54%,28.26%,-89.24%,-19.35,2.57
300413 CH Equity,MANGO-A,36.36M,42.05,1.69,50.43,4.09%,Communication Services,39.15B,2.38%,3.72%,7.69%,-35.70%,-33.89,-6.58
300026 CH Equity,TIANJIN CHASE-A,36.36M,--,1.24,15.64,-0.76%,Health Care,10.69B,-0.62%,-0.75%,7.62%,2.10%,-4.81,0.23
600888 CH Equity,XINJIANG JOINW-A,36.35M,17.54,1.01,--,5.84%,Materials,12.97B,5.70%,2.05%,52.79%,-45.21%,-1.65,2.01
600635 CH Equity,SHANGHAI DAZHO-A,36.34M,19.79,0.92,24.22,4.76%,Utilities,14.45B,5.05%,0.17%,69.95%,--,-24.61,1.92
300180 CH Equity,HUAFON MICROFI-A,36.30M,157.26,2.24,19.25,1.43%,Materials,10.50B,0.64%,1.02%,13.74%,-59.71%,-19.57,-1.1
600072 CH Equity,CSSC SCIENCE &-A,36.28M,--,1.87,--,-11.91%,Industrials,18.07B,-6.71%,-4.99%,210.23%,-138.79%,-2.43,0.25
301219 CH Equity,GANZHOU TENG Y-A,36.26M,22.26,1.98,--,9.11%,Materials,18.54B,4.49%,7.70%,16.82%,43.02%,-16.02,20.64
002020 CH Equity,ZHEJIANG JINGX-A,36.23M,18.64,2.3,22.81,12.41%,Health Care,13.76B,5.36%,10.09%,9.76%,21.05%,-18.64,2.99
KEP SP Equity,KEPPEL LTD,36.22M,21.53,2.11,37.53,7.43%,Industrials,21.97B,4.65%,3.70%,102.23%,103.29%,32.31,6.65
600123 CH Equity,SHANXI LANHUA-A,35.93M,433.41,0.59,--,0.13%,Energy,9.30B,0.23%,-0.46%,102.00%,-72.08%,-6.66,-0.72
000049 CH Equity,SHENZHEN DESAY-A,35.23M,23.44,1.47,--,6.39%,Industrials,9.79B,4.27%,3.15%,70.16%,18.56%,-8.16,7.12
300580 CH Equity,WUXI BEST PREC-A,35.21M,43.21,3.66,--,8.72%,Consumer Discretionary,12.06B,2.31%,8.06%,0.96%,-27.82%,-14.01,-0.21
600509 CH Equity,XINJIANG TIANF-A,35.17M,82.27,1.36,--,1.66%,Utilities,10.61B,1.22%,2.08%,168.29%,-55.05%,-18.82,2.11
002736 CH Equity,GUOSEN SECURIT-A,35.16M,9.39,1.2,--,13.04%,Financials,116.35B,10.65%,3.29%,207.94%,77.11%,-19.7,2.25
601519 CH Equity,SHANGHAI DZH-A,35.16M,--,15.69,--,-3.18%,Financials,20.97B,-0.21%,-5.37%,3.94%,57.14%,-33.75,1.97
688660 CH Equity,SHANGHAI ELECT-A,35.12M,--,3.91,12.36,-21.38%,Industrials,17.19B,-5.75%,-9.17%,172.28%,30.19%,-39.43,6.18
001965 CH Equity,CHINA MERCHANT-A,35.10M,13.01,0.86,8.81,6.84%,Industrials,59.32B,7.69%,1.52%,62.09%,-1.68%,-12.44,-4.11
002036 CH Equity,LIANCHUANG ELE-A,34.95M,--,4.41,--,-18.50%,Information Technology,9.70B,-4.76%,-2.07%,350.67%,20.43%,-15.64,-0.27
600113 CH Equity,ZHEJIANG DON-A,34.92M,136.11,7.7,--,5.81%,Consumer Staples,19.65B,0.73%,4.62%,6.63%,51.48%,-18.4,33.53
688433 CH Equity,FARSOON TECHNO-A,34.91M,814.98,15.62,--,3.44%,Industrials,30.96B,0.12%,0.90%,6.62%,-25.19%,46.08,36.79
SGX SP Equity,SINGAPORE EXCH,34.84M,33.4,9.51,28.02,30.14%,Financials,21.73B,2.99%,21.23%,29.89%,5.53%,18.14,8.95
002416 CH Equity,SHENZHEN AISI-A,34.64M,41.68,2.82,5.48,6.66%,Information Technology,16.41B,2.40%,4.70%,40.84%,5.47%,5,2.33
600961 CH Equity,ZHUZHOU SMELTE-A,34.40M,19.72,5.28,13.33,25.04%,Materials,19.37B,5.07%,17.71%,42.88%,-32.63%,9.73,8.74
603360 CH Equity,DALIAN BAIAO-A,34.33M,86.03,12.66,406.14,13.50%,Materials,19.22B,1.16%,9.44%,53.90%,-63.03%,-1.09,7.87
000600 CH Equity,JOINTO ENERGY-A,34.28M,9.57,1.26,11.03,14.55%,Utilities,16.14B,10.45%,6.66%,108.36%,2.31k%,12.05,3.53
600328 CH Equity,CNSIG INNER MO-A,34.19M,4.82k,1.07,--,0.02%,Materials,12.83B,0.02%,-7.77%,45.04%,-94.80%,8.16,1.99
601878 CH Equity,ZHESHANG SECUR-A,34.03M,16.5,1.17,--,8.02%,Financials,43.22B,6.06%,2.95%,182.48%,30.13%,-18.42,-0.85
300101 CH Equity,CHENGDU CORPRO-A,33.75M,186.79,6.25,--,3.45%,Information Technology,11.63B,0.54%,2.94%,25.70%,22.18%,-12.97,4.22
000708 CH Equity,CITI PACIFIC S-A,33.71M,14.4,1.96,6.21,14.03%,Materials,85.35B,6.95%,7.73%,81.84%,48.38%,21.99,6.5
688789 CH Equity,HANGZHOU HONGH-A,33.56M,25.15,3.61,--,15.23%,Industrials,12.43B,3.98%,12.53%,18.66%,25.83%,-18.72,5.24
688552 CH Equity,AEROSPACE NANH-A,33.51M,672.7,4.83,--,0.69%,Industrials,12.54B,0.15%,-0.12%,0.29%,16.88%,-10.8,18.81
002779 CH Equity,ZHEJIANG ZHONG-A,33.42M,96.55,18.27,--,20.86%,Consumer Discretionary,16.66B,1.04%,0.53%,34.53%,457.97%,-30.63,35.82
688549 CH Equity,GRANDIT CO LTD-A,33.33M,2.59k,4.41,--,0.18%,Materials,13.44B,0.04%,-0.33%,14.62%,119.11%,-6.76,2.05
601858 CH Equity,CHINA SCIENCE -A,33.30M,33.64,3.22,36.62,9.88%,Communication Services,17.68B,2.97%,7.53%,0.42%,72.13%,13.62,3.73
600366 CH Equity,NINGBO YUNSHEN-A,33.28M,45.23,2.23,--,5.04%,Information Technology,13.65B,2.21%,2.41%,49.00%,1.03k%,-18.88,5.07
002859 CH Equity,ZHEJIANG JIEME-A,33.16M,90.56,5.99,--,6.68%,Materials,18.50B,1.10%,4.07%,112.52%,37.30%,34.19,25.59
603693 CH Equity,JIANGSU NEW EN-A,32.86M,31.79,1.74,53.73,5.61%,Utilities,12.08B,3.15%,3.02%,80.81%,1.98%,2.57,-0.73
002304 CH Equity,JIANGSU YANGHE-A,32.78M,36.33,1.55,53.03,4.06%,Consumer Staples,75.20B,2.75%,3.46%,0.33%,-67.51%,-26.21,-23.3
002488 CH Equity,ZHEJIANG JINGU-A,32.77M,339.53,3.39,--,0.85%,Consumer Discretionary,11.90B,0.29%,2.13%,74.03%,1.19%,-2.37,0.5
600586 CH Equity,SHANDONG JINJI-A,32.76M,--,1.35,--,-8.71%,Materials,7.40B,-6.85%,-5.39%,44.96%,-97.15%,3.98,0.6
600018 CH Equity,SH INTL PORT -A,32.59M,8.55,0.82,15.96,9.89%,Industrials,116.63B,11.69%,4.25%,30.28%,4.59%,-8.9,-0.39
600877 CH Equity,CETC CHIPS TEC-A,32.56M,971.46,7.71,193.54,0.80%,Information Technology,19.06B,0.10%,0.78%,2.10%,-77.93%,13.46,4.47
605123 CH Equity,WUXI PAIKE NEW-A,32.43M,46.4,2.56,140.38,5.62%,Materials,11.71B,2.15%,3.32%,46.59%,-22.60%,29.28,42.5
002941 CH Equity,XINJIANG COMMU-A,32.42M,17.82,2.44,--,14.48%,Industrials,11.45B,5.61%,4.72%,104.38%,81.18%,-19.54,4.84
600740 CH Equity,SHANXI COKING-A,32.26M,--,0.73,--,-0.26%,Materials,11.07B,-0.36%,-2.40%,60.98%,-54.13%,4.6,0.77
603193 CH Equity,RUNBEN BIOTECH-A,32.26M,33.13,4.66,45.77,14.49%,Consumer Staples,10.13B,3.02%,13.59%,0.08%,-16.90%,-10.64,-9.41
600783 CH Equity,LUXIN VENTURE -A,32.09M,89.18,3.27,311.38,3.59%,Materials,15.48B,1.12%,-0.22%,80.28%,193.13%,47.52,9.19
600812 CH Equity,NORTH CHINA PH-A,31.92M,52.07,1.74,--,3.37%,Health Care,9.57B,1.92%,2.76%,172.72%,5.89%,-7.15,-0.23
603267 CH Equity,BEIJING YUANLI-A,31.92M,45.57,2.57,139.45,5.77%,Information Technology,11.40B,2.19%,4.84%,11.89%,354.64%,-15.22,-10.66
301275 CH Equity,HANSHOW TECHNO-A,31.91M,30.15,4.55,36.78,17.55%,Information Technology,17.74B,3.32%,11.16%,34.53%,-27.64%,-23.44,-13.33
600416 CH Equity,XIANGTAN ELEC-A,31.68M,74.04,1.9,--,2.62%,Industrials,18.34B,1.35%,2.47%,39.96%,9.57%,-21.82,2.07
301078 CH Equity,KIDSWANT CHILD-A,31.67M,35.48,2.51,11.52,7.23%,Consumer Staples,10.69B,2.82%,5.76%,107.31%,67.12%,-21.34,-5.61
600651 CH Equity,SHANGHAI FEIL-A,31.54M,322.17,7.05,159.63,2.21%,Consumer Staples,17.75B,0.31%,0.00%,34.80%,84.97%,-17.1,3.22
002276 CH Equity,ZHEJIANG WANMA-A,31.46M,28.57,2.33,--,8.48%,Industrials,14.21B,3.50%,4.44%,129.96%,173.43%,-26.05,-0.43
603093 CH Equity,NANHUA FUTURES-A,31.26M,22,2.23,1.54,10.01%,Financials,11.73B,4.55%,8.40%,22.41%,36.18%,-16.55,7.7
000876 CH Equity,NEW HOPE LIUHE-A,31.22M,38.64,1.55,6.59,4.27%,Consumer Staples,37.60B,2.59%,1.90%,182.43%,-97.45%,-15.91,-2.27
600456 CH Equity,BAOJI TITANIUM-A,31.20M,46.84,2.3,--,4.98%,Materials,16.27B,2.14%,4.34%,41.67%,-26.35%,3.62,3.89
836 HK Equity,CHINA RES POWER,31.17M,6.74,0.88,--,13.80%,Utilities,97.90B,14.83%,5.38%,159.27%,20.59%,3.62,2.11
601636 CH Equity,ZHUZHOU KIBING-A,31.01M,25.95,1.12,--,4.37%,Industrials,17.13B,3.85%,2.62%,108.77%,12.79%,-19.02,0.4
002204 CH Equity,DALIAN HUARUI -A,30.98M,21.9,1.67,296.54,7.91%,Industrials,13.08B,4.57%,4.63%,67.60%,43.72%,3.36,1.07
603162 CH Equity,FUJIAN HIGHTON-A,30.96M,29.34,3.01,121.26,10.76%,Industrials,13.59B,3.41%,11.26%,13.47%,61.94%,59.89,5.65
002324 CH Equity,SHANGHAI PRET-A,30.91M,65.49,3.71,--,5.73%,Materials,16.99B,1.53%,3.10%,109.89%,98.69%,7.38,6.78
600179 CH Equity,ANTONG HOLDING-A,30.73M,17.34,1.59,20.7,9.60%,Industrials,18.83B,5.77%,8.46%,14.72%,-4.40%,21.58,1.61
600252 CH Equity,GUANGXI WUZHOU-A,30.63M,--,1.52,--,-6.27%,Health Care,8.18B,-4.37%,-5.80%,26.22%,12.25%,-6.88,0.27
300455 CH Equity,BEIJING AEROSP-A,30.62M,--,10.29,123.38,-10.22%,Industrials,17.13B,-1.05%,-8.34%,12.61%,-45.89%,32.68,11.33
300855 CH Equity,JIANGSU TOLAND-A,30.54M,120.21,8.18,268.8,6.70%,Materials,16.12B,0.83%,5.67%,17.68%,-54.22%,53.77,20.99
603599 CH Equity,ANHUI GUANGXIN-A,30.40M,18.02,1.34,527.77,7.45%,Materials,13.38B,5.55%,3.83%,40.15%,10.91%,21.09,4.25
002099 CH Equity,ZHEJIANG HISOA-A,30.28M,--,2.2,--,-6.33%,Health Care,11.53B,-2.89%,-5.64%,29.26%,-21.60%,21.71,2.36
6862 HK Equity,HAIDILAO INTERNA,30.27M,17.21,7.12,13.28,39.61%,Consumer Discretionary,81.77B,5.81%,24.49%,59.32%,-6.26%,14.07,-1.48
000810 CH Equity,SKYWORTH DIGIT-A,30.26M,75.98,2.09,--,2.78%,Information Technology,13.78B,1.32%,-0.20%,24.52%,-23.31%,-14.67,0.97
605020 CH Equity,ZHEJIANG YONGH-A,30.24M,20.07,2.15,--,13.06%,Materials,12.36B,4.98%,9.67%,15.69%,-14.32%,-20.99,4.21
002043 CH Equity,DEHUA TB NEW-A,30.20M,15.69,3.56,10.8,23.75%,Materials,11.44B,6.37%,19.65%,3.21%,-53.57%,22.25,4.22
688083 CH Equity,ZWSOFT CO LTD -A,30.19M,752.04,3.45,162.46,0.47%,Information Technology,8.96B,0.13%,0.17%,6.70%,-21.69%,-40.34,-10.19
601788 CH Equity,EVERBRIG SEC -A,30.19M,21.14,1.16,--,5.29%,Financials,64.62B,4.73%,1.82%,172.56%,-33.00%,-18.73,-0.64
301050 CH Equity,CHENGDU RML TE-A,30.17M,90.88,3.67,65.27,4.21%,Industrials,11.48B,1.10%,2.57%,2.32%,-78.55%,-2.84,-2.28
000758 CH Equity,CHINA NONFERRO-A,30.10M,24.41,2.25,44.08,9.43%,Materials,13.40B,4.10%,3.09%,52.10%,586.71%,-4.54,2.16
600436 CH Equity,ZHANGZHOU PIEN-A,30.01M,37.6,6.29,--,16.98%,Health Care,91.03B,2.66%,13.15%,7.21%,-54.13%,-23.02,-52.82
600361 CH Equity,INNOVATION NEW-A,29.94M,18.28,1.41,--,8.55%,Materials,15.60B,5.47%,5.21%,123.97%,47.42%,-4.13,0.49
688348 CH Equity,YUNENG TECHNOL-A,29.92M,142.97,2.25,--,1.57%,Industrials,8.24B,0.70%,-0.22%,8.47%,11.54%,-5.89,12.08
600894 CH Equity,GUANGZHOU GUAN-A,29.89M,12.33,0.94,10.97,7.79%,Industrials,8.47B,8.11%,1.10%,18.75%,53.06%,-0.37,-0.98
002745 CH Equity,MLS CO LTD-A,29.87M,56.62,0.96,--,1.68%,Information Technology,12.78B,1.77%,1.70%,28.79%,-19.02%,-6.31,0.98
600882 CH Equity,SHANGHAI MILKG-A,29.79M,79.88,2.09,98.72,2.64%,Consumer Staples,9.54B,1.25%,1.60%,60.71%,20.09k%,-23.69,-7.11
2 HK Equity,CLP HOLDINGS,29.68M,17.98,1.75,19.2,9.89%,Utilities,188.35B,5.56%,6.18%,52.79%,-25.43%,16.57,15.31
301029 CH Equity,DONGGUAN YIHED-A,29.66M,31.55,3.67,272.27,13.30%,Industrials,15.62B,3.17%,12.70%,0.41%,18.66%,-19.33,3.95
688006 CH Equity,ZHEJIANG HANGK-A,29.66M,50.68,3.1,53.45,6.24%,Industrials,16.98B,1.97%,2.71%,17.09%,-10.47%,-17.74,12.49
300034 CH Equity,GAONA AERO-A,29.61M,164.37,3.84,68.98,2.40%,Industrials,14.56B,0.61%,3.81%,41.97%,7.16%,11.33,2.46
2618 HK Equity,JD LOGISTICS INC,29.57M,11.92,1.53,5.7,12.08%,Industrials,96.42B,8.39%,7.76%,37.55%,3.63%,11.93,3.07
000970 CH Equity,BEIJING ZHONGK-A,29.53M,157.91,2.21,--,1.41%,Information Technology,14.56B,0.63%,1.15%,11.63%,-90.37%,-17.04,1
603218 CH Equity,RIYUE HEAVY IN-A,29.44M,25.8,1.4,89.53,5.45%,Industrials,14.30B,3.88%,4.15%,13.31%,100.03%,-7.4,3.02
600710 CH Equity,SUMEC CORP-A,29.42M,13.67,2.07,--,15.91%,Industrials,17.03B,7.31%,12.34%,81.92%,52.21%,24.93,4.94
601702 CH Equity,SHANGHAI HUAFO-A,29.40M,16.83,3.15,--,20.09%,Materials,20.28B,5.94%,14.47%,38.53%,-13.71%,16.26,2.73
000829 CH Equity,TELLING TELECO-A,29.39M,--,3.73,--,-1.58%,Information Technology,10.88B,-0.43%,-0.07%,587.58%,-3.65k%,8.27,1.16
300446 CH Equity,AEROSPACE INTE-A,29.16M,19.44,2.9,--,15.81%,Materials,17.13B,5.14%,12.74%,30.23%,-22.16%,19.11,2.26
600399 CH Equity,FUSHUN SPECIAL-A,29.07M,--,2.07,--,-13.57%,Materials,11.48B,-7.04%,-7.31%,81.40%,-103.20%,7.98,0.5
002534 CH Equity,XIZI CLEAN ENE-A,29.00M,31.14,2.66,21.42,4.04%,Industrials,14.20B,3.21%,3.22%,32.44%,1.72k%,-3.19,7.14
601777 CH Equity,CHONGQING AFAR-A,28.95M,545.79,4.47,28.09,0.81%,Consumer Discretionary,46.02B,0.18%,-1.72%,20.59%,421.36%,-13.8,2.4
301153 CH Equity,BEIJING CTJ IN-A,28.94M,85.97,4.69,62.66,5.60%,Information Technology,8.66B,1.16%,3.74%,0.19%,136.90%,9.31,0.27
002747 CH Equity,ESTUN AUTOMA-A,28.89M,387.18,8.9,220.13,2.40%,Industrials,18.52B,0.26%,1.55%,202.41%,99.52%,-21.16,2.15
688303 CH Equity,XINJIANG DAQO -A,28.76M,--,1.12,--,-6.65%,Information Technology,43.81B,-6.17%,-6.67%,1.14%,43.61%,-26.12,2.29
600458 CH Equity,ZHUZHOU TIMES -A,28.53M,19.41,1.35,8.83,7.33%,Materials,10.69B,5.15%,5.93%,60.17%,-62.84%,-27.54,0.01
600061 CH Equity,SDIC CAPITAL-A,28.44M,13.36,0.82,3.64,6.37%,Financials,43.29B,7.48%,0.11%,153.55%,-45.29%,-14.95,0.15
600572 CH Equity,ZHEJIANG CONBA-A,28.44M,16.2,1.58,12.72,10.03%,Health Care,11.19B,6.17%,8.39%,8.62%,38.21%,-0.23,0.18
600025 CH Equity,HUANENG LANCAN-A,28.38M,20.39,2.6,--,13.59%,Utilities,178.67B,4.91%,5.67%,134.92%,-5.86%,-1.54,0.42
603690 CH Equity,PNC PROCESS SY-A,28.26M,--,1.91,--,-1.69%,Industrials,9.60B,-0.87%,-1.22%,122.46%,-66.09%,-24.96,-4.54
603169 CH Equity,LANZHOU LS HEA-A,28.25M,183.32,3.92,--,2.16%,Industrials,12.98B,0.55%,1.67%,155.47%,19.22%,15.05,0.24
000795 CH Equity,INNUOVO TECHNO-A,28.17M,42.15,3.98,83.09,9.37%,Materials,10.88B,2.37%,7.69%,15.90%,-16.35%,-12.65,-1.87
688016 CH Equity,SHANGHAI MICRO-A,28.10M,21.96,2.99,43.34,14.32%,Health Care,12.43B,4.55%,13.26%,0.37%,-20.25%,-7.66,14.86
603279 CH Equity,JINGJIN EQUIPM-A,28.09M,17.13,2.25,11.55,13.19%,Industrials,10.60B,5.84%,11.80%,14.81%,-47.48%,16.58,3.49
600267 CH Equity,ZHEJIANG HISUN-A,28.01M,22.54,1.38,9.2,6.38%,Health Care,12.31B,4.44%,5.13%,36.34%,-23.65%,-3.11,1.83
002053 CH Equity,YUNNAN ENERGY -A,27.97M,43.79,1.4,--,3.19%,Consumer Staples,10.35B,2.28%,2.10%,95.74%,-84.31%,-11.15,0.6
301363 CH Equity,MEHOW INNOVATI-A,27.97M,46.18,3.94,--,8.86%,Health Care,14.57B,2.17%,6.93%,1.71%,4.70%,8.1,8.52
000778 CH Equity,XINXING DUCTIL-A,27.91M,19.42,0.7,12.67,3.66%,Materials,18.39B,5.15%,0.83%,53.45%,8.58%,16.58,1.2
603033 CH Equity,SANWEI HOLDING-A,27.89M,--,3.97,--,-9.88%,Materials,11.56B,-2.78%,-2.73%,192.25%,-1.50k%,-3.61,0.15
WIL SP Equity,WILMAR INTERNATI,27.87M,13.64,0.88,14.74,6.76%,Consumer Staples,24.47B,7.33%,3.29%,124.15%,-36.14%,33.33,0.84
688515 CH Equity,MOTORCOMM ELEC-A,27.81M,--,6.77,--,-11.96%,Information Technology,10.24B,-1.86%,-11.84%,1.23%,-7.46%,11.31,30.59
600120 CH Equity,ZHEJIANG ORIEN-A,27.72M,14.21,1.15,21.75,8.24%,Financials,19.19B,7.04%,-2.72%,74.93%,3.16%,-10.63,0.08
300080 CH Equity,HENAN YICHENG -A,27.71M,--,1.77,--,-14.04%,Materials,8.56B,-8.38%,-5.32%,80.85%,67.23%,-16.45,1.21
300130 CH Equity,XGD INC-A,27.62M,28.09,2.98,33.6,10.90%,Information Technology,13.10B,3.56%,8.77%,4.33%,-30.27%,-16.64,2.68
603297 CH Equity,NINGBO YONGXIN-A,27.50M,56.35,6.18,62,11.37%,Information Technology,12.34B,1.77%,8.33%,9.34%,6.04%,-1.43,31.49
002145 CH Equity,TINERGY CHEMIC-A,27.48M,38.44,1.44,74.35,3.61%,Materials,17.36B,2.60%,1.76%,48.84%,-42.24%,-25,0.53
300761 CH Equity,JIANGSU LIHUA FO,27.36M,26.69,1.93,47.51,7.31%,Consumer Staples,17.44B,3.75%,5.92%,38.34%,-77.97%,-9.24,-0.64
002017 CH Equity,EASTCOMPEACE -A,27.33M,60.53,6.27,165.73,10.63%,Information Technology,11.10B,1.65%,8.23%,5.87%,-19.34%,-16.03,10.89
300098 CH Equity,GOSUNCN TECHNO-A,27.29M,--,3.42,--,-4.59%,Information Technology,9.30B,-1.37%,-4.78%,10.25%,91.35%,-5.64,0.83
002338 CH Equity,CHANGCHUN UP-A,27.21M,206.69,9.06,--,4.45%,Industrials,12.33B,0.48%,2.55%,26.91%,-35.86%,-11.63,12.79
002097 CH Equity,SUNWARD INTELL-A,27.16M,80.35,2.31,--,2.91%,Industrials,10.83B,1.24%,0.61%,235.05%,-404.09%,-23.23,3.53
300576 CH Equity,SHENZHEN RONGD-A,27.15M,106.31,7.55,--,7.65%,Materials,12.77B,0.94%,7.15%,4.37%,-8.21%,-10.73,0.96
728 HK Equity,CHINA TELECOM-H,27.15M,11.82,0.86,7.57,7.27%,Communication Services,579.91B,8.46%,5.79%,12.64%,2.82k%,-10.31,-0.57
002588 CH Equity,STANLEY AGRICU-A,26.95M,12.57,1.68,--,13.99%,Materials,12.27B,7.95%,7.90%,35.71%,32.85%,12.34,3.37
600575 CH Equity,HUAIHE ENERGY -A,26.82M,10.19,1.22,--,7.72%,Industrials,26.73B,9.82%,4.37%,69.66%,-38.29%,8.75,0.23
6 HK Equity,POWER ASSETS,26.79M,21.9,1.51,27.33,7.01%,Utilities,136.71B,4.57%,0.50%,3.66%,2.60%,30.44,21.38
601311 CH Equity,CAMEL GROUP CO-A,26.71M,14.96,1.13,19.16,7.73%,Industrials,11.12B,6.68%,5.13%,28.79%,-44.18%,-13.11,2.98
600446 CH Equity,SHENZHEN KINGD-A,26.68M,--,3.26,15.82,-3.87%,Information Technology,12.00B,-1.17%,-2.36%,15.75%,48.23%,-29.44,-2.1
600085 CH Equity,BEIJING TONGRE-A,26.55M,31.84,2.77,16.3,8.86%,Health Care,37.89B,3.14%,6.26%,17.30%,-97.85%,-20.05,-8.75
002125 CH Equity,XIANGTAN ELEC -A,26.29M,35.53,2.66,61.64,7.59%,Materials,8.22B,2.81%,3.79%,49.31%,-64.99%,-13.12,4.11
3 HK Equity,HONG KG CHINA GS,26.23M,24,2.3,13.69,9.74%,Utilities,136.59B,4.17%,4.76%,83.77%,-23.39%,5.17,1.06
002091 CH Equity,JIANGSU GUOTAI-A,26.21M,12.78,0.91,18.63,7.26%,Industrials,14.76B,7.82%,5.08%,54.88%,-3.16%,2.75,3.03
600039 CH Equity,SICHUAN ROAD-A,26.18M,10.64,1.65,24.81,16.26%,Industrials,81.83B,9.40%,6.64%,143.56%,59.76%,17.17,1.21
300628 CH Equity,YEALINK NETWOR-A,26.00M,17.11,5.02,20.82,29.95%,Information Technology,43.55B,5.84%,26.86%,0.11%,-18.31%,-7.08,2.63
300226 CH Equity,SHANGHAI GANGL-A,25.97M,39.21,3.69,--,9.85%,Industrials,7.90B,2.55%,1.65%,494.96%,-3.97%,-4.54,5.58
002292 CH Equity,ALPHA GROUP-A,25.95M,--,3.86,135.6,-9.66%,Consumer Discretionary,11.47B,-2.67%,-8.05%,22.51%,81.70%,-13.3,-0.45
688279 CH Equity,FORTIOR TECHNO-A,25.93M,71.39,3.54,335.57,5.74%,Information Technology,16.55B,1.40%,4.36%,0.47%,8.34%,-29.05,-29.01
603888 CH Equity,XINHUANET CO L-A,25.88M,46.51,3.64,26.66,7.87%,Communication Services,13.39B,2.15%,7.07%,0.49%,54.44%,0.25,3.55
688088 CH Equity,ARCSOFT CORP L-A,25.83M,70.35,6.04,212,8.74%,Information Technology,16.09B,1.42%,6.65%,0.32%,68.78%,-29.76,-0.93
267 HK Equity,CITIC,25.83M,5.33,0.4,--,7.63%,Industrials,358.10B,18.78%,2.06%,265.09%,15.45%,8.27,4.88
601609 CH Equity,NINGBO JINTIAN-A,25.81M,19.86,1.72,--,8.27%,Materials,17.55B,5.03%,5.02%,143.15%,372.52%,-19.51,4.66
000682 CH Equity,DONGFANG ELECT-A,25.81M,21.64,2.98,42.15,14.57%,Industrials,16.40B,4.62%,11.34%,10.92%,15.64%,-3.4,3.13
000597 CH Equity,NORTHEAST PHAR-A,25.78M,29.27,1.37,7.96,4.79%,Health Care,7.59B,3.42%,2.18%,65.89%,-67.69%,-3.1,0.23
300832 CH Equity,SHENZHEN NEW-A,25.77M,22.08,4.17,30.83,19.56%,Health Care,36.43B,4.53%,18.01%,0.04%,-11.44%,-27.61,-5.66
600009 CH Equity,SHANG INTL AIR-A,25.76M,29.15,1.64,14.87,5.71%,Industrials,69.08B,3.43%,3.72%,41.91%,51.60%,-12.34,-4.94
688612 CH Equity,SHENZHEN VMAX-A,25.64M,25.08,3.81,12.16,15.54%,Consumer Discretionary,13.23B,3.99%,10.48%,48.04%,73.92%,-21.65,9.48
600872 CH Equity,JONJEE HIGH-TE-A,25.62M,21.45,2.64,27.45,13.17%,Consumer Staples,15.03B,4.66%,10.52%,12.55%,-44.73%,4.21,-1.37
600395 CH Equity,GUIZHOU PANJIA-A,25.48M,235.81,1.14,--,0.48%,Energy,12.02B,0.42%,-3.63%,217.71%,91.70%,2,0.98
000913 CH Equity,ZHEJIANG QIAN -A,25.42M,14.26,1.62,--,11.45%,Consumer Discretionary,7.63B,7.01%,4.92%,55.43%,-61.47%,-18.14,-0.62
601018 CH Equity,NINGBO ZHOUSHA-A,25.39M,14.78,0.94,12.67,6.47%,Industrials,76.26B,6.77%,4.32%,26.84%,-1.35%,5.36,0.35
600475 CH Equity,WUXI HUAGUANG-A,25.27M,28.69,1.88,15.52,6.58%,Industrials,16.33B,3.49%,4.52%,85.05%,59.08%,10.88,9.5
600022 CH Equity,SHANDONG IRON -A,25.15M,--,0.87,13.66,-3.47%,Materials,16.37B,-4.12%,-0.25%,83.17%,97.76%,-6.13,0.24
600266 CH Equity,BEIJING URBAN-A,25.14M,--,0.55,1.73,-4.39%,Real Estate,10.69B,-8.20%,-1.77%,141.23%,78.89%,-6.53,0.44
002239 CH Equity,AOTECAR NEW EN-A,25.10M,78.88,1.79,12.53,2.28%,Consumer Discretionary,10.02B,1.27%,1.73%,37.04%,100.34%,-9.31,0.38
002421 CH Equity,SHENZHEN DAS-A,25.06M,--,1.96,--,-13.69%,Information Technology,5.81B,-7.52%,-2.71%,90.72%,35.40%,-19.41,-0.62
600116 CH Equity,CHONGQING THRE-A,25.05M,44.5,1.09,--,2.45%,Utilities,12.33B,2.25%,-1.34%,85.60%,100.88%,-2.42,-0.08
301551 CH Equity,HEBEI BROADCAS-A,25.04M,41.8,4.74,39.71,12.55%,Communication Services,11.80B,2.39%,10.66%,0.06%,5.06%,-18.35,-15.37
1929 HK Equity,CHOW TAI FOOK JE,24.94M,19.31,4.32,21.68,22.98%,Consumer Discretionary,113.15B,5.18%,11.34%,99.32%,0.45%,-21.94,3.21
301487 CH Equity,TIANJIN GUOAN -A,24.94M,--,5,42.3,-3.81%,Industrials,9.42B,-0.78%,-2.32%,61.74%,22.45%,-22.61,3.16
SCI SP Equity,SEMBCORP INDUS,24.83M,12.27,2.18,101.53,18.05%,Utilities,12.09B,8.15%,5.21%,165.41%,-1.08%,5.93,1.04
66 HK Equity,MTR CORP,24.73M,13.41,0.95,--,7.63%,Industrials,205.79B,7.45%,5.03%,45.72%,28.79%,23.73,10.18
000801 CH Equity,SICHUAN JIUZHO-A,24.70M,78.07,4.48,76.54,5.82%,Consumer Discretionary,13.92B,1.28%,4.35%,45.67%,17.81%,-15.59,-0.58
002643 CH Equity,VALIANT CO LTD-A,24.70M,58.2,2.09,57.95,3.60%,Materials,15.03B,1.72%,3.86%,22.41%,36.13%,22.59,6.16
300613 CH Equity,SHANGHAI FULLH-A,24.69M,68.69,3.4,26.3,5.11%,Information Technology,10.01B,1.46%,3.37%,23.45%,-27.20%,-15.37,-5.36
002373 CH Equity,CHINA TRANSINF-A,24.63M,--,1.31,22.95,-8.51%,Information Technology,15.04B,-6.77%,-8.76%,6.13%,-16.84%,-17.52,1.4
002847 CH Equity,YANKERSHOP FOO-A,24.51M,20.97,7.37,--,38.70%,Consumer Staples,15.73B,4.77%,28.70%,46.02%,12.54%,-18.25,-19.62
601101 CH Equity,BEIJING HAOHUA-A,24.34M,25.39,0.98,20.66,3.91%,Energy,11.89B,3.94%,1.91%,45.37%,-49.01%,9.4,1.96
600750 CH Equity,CHINA RESOURCE-A,24.33M,18.55,4.19,23.22,23.00%,Health Care,16.86B,5.39%,19.16%,5.76%,47.46%,22.46,4.23
002985 CH Equity,BEIJING BEI MO-A,24.32M,59.43,4.4,38.49,7.71%,Industrials,11.85B,1.68%,6.30%,6.23%,181.69%,15.68,12.78
688351 CH Equity,SHANGHAI MICRO-A,24.31M,221.14,6.27,--,2.88%,Health Care,11.30B,0.45%,2.34%,1.93%,112.90%,11.47,3.93
300910 CH Equity,XINXIANG RICHF-A,24.30M,20.1,3.87,35.08,20.55%,Materials,15.07B,4.98%,17.01%,23.50%,-33.57%,-4.14,-8.97
688190 CH Equity,QINGDAO YUNLU -A,24.28M,35.13,3.94,--,11.47%,Materials,10.35B,2.85%,9.30%,11.99%,-53.18%,-21.85,-3.82
002079 CH Equity,SUZHOU GOOD -A,24.20M,80.72,2.51,15.35,3.16%,Information Technology,7.75B,1.24%,1.93%,14.64%,-83.22%,-9.31,0.73
300660 CH Equity,JIANGSU LEILI -A,24.19M,59.29,5.44,--,9.30%,Industrials,18.88B,1.69%,5.41%,43.01%,10.16%,-27.93,9.66
002252 CH Equity,SHANGHAI RAAS -A,24.18M,24.11,1.17,--,4.90%,Health Care,37.97B,4.15%,3.71%,12.05%,-40.15%,-15.68,-1.1
300607 CH Equity,GUANGDONG TOPS-A,24.13M,160.97,4.19,41.57,2.61%,Industrials,12.12B,0.62%,1.86%,32.73%,277.85%,-26.33,-0.53
603171 CH Equity,SERVYOU SOFTWA-A,24.11M,193.44,8.17,--,4.27%,Information Technology,20.63B,0.52%,2.56%,12.90%,120.36%,4.36,10.54
002345 CH Equity,GUANGDONG CHJ-A,24.02M,19.11,2.51,--,13.63%,Consumer Discretionary,9.45B,5.23%,10.70%,28.21%,406.00%,-25.66,2.63
600866 CH Equity,STAR LAKE BIOS-A,23.99M,9.09,1.4,29.45,16.08%,Consumer Staples,11.65B,11.00%,9.29%,78.91%,-26.16%,-12.7,0.7
300083 CH Equity,GUANGDONG CREA-A,23.92M,86.41,2.4,--,2.78%,Industrials,12.52B,1.16%,4.91%,54.36%,225.70%,-24.72,-0.46
002960 CH Equity,JADE BIRD FIRE-A,23.91M,32.95,1.66,--,5.12%,Information Technology,10.63B,3.04%,3.87%,32.14%,-17.50%,-6.43,3.41
000923 CH Equity,HBIS RESOURCES-A,23.90M,23.22,1.19,--,5.30%,Materials,12.22B,4.31%,--,4.53%,213.47%,-1.32,5.97
002925 CH Equity,XIAMEN INTRETE-A,23.89M,60.03,3.33,--,5.49%,Consumer Discretionary,15.41B,1.67%,4.22%,21.85%,14.37%,-2.59,6.61
688776 CH Equity,CHENGDU GUOGUA-A,23.87M,--,4.96,--,-1.97%,Industrials,9.00B,-0.40%,-2.65%,1.03%,-280.51%,-17,7.07
301127 CH Equity,WUHAN TIANYUAN-A,23.79M,36.84,3.31,--,9.35%,Industrials,11.16B,2.71%,5.29%,122.21%,-6.20%,23.32,1.82
300726 CH Equity,ZHUZHOU HONGDA-A,23.67M,50.91,3.49,55.99,6.94%,Information Technology,17.56B,1.96%,6.88%,1.49%,53.56%,6.23,4.55
605555 CH Equity,NINGBO DECHANG-A,23.43M,26.92,2.43,--,9.18%,Consumer Discretionary,7.32B,3.72%,5.98%,19.48%,-43.34%,-11.98,0.76
960 HK Equity,LONGFOR GROUP HO,23.33M,41.54,0.28,1.71,0.63%,Real Estate,52.32B,2.41%,0.26%,70.02%,-78.82%,-29.35,-2.37
300047 CH Equity,SHENZHEN TIANY-A,23.11M,249.56,2.33,39.58,0.94%,Information Technology,7.66B,0.40%,0.96%,103.75%,105.68%,-24.56,0.36
600211 CH Equity,TIBET RHODIOLA-A,23.05M,14.47,3.58,13.59,24.31%,Health Care,13.60B,6.91%,18.83%,19.37%,-19.22%,-13.72,6.97
1209 HK Equity,CHINA RESOURCES,23.01M,24.27,6.23,70.34,24.82%,Real Estate,110.52B,4.12%,20.15%,14.11%,2.38%,20.15,13.45
002251 CH Equity,BETTER LIFE -A,23.00M,--,1.36,--,-6.94%,Consumer Staples,11.16B,-5.32%,-4.58%,80.93%,87.88%,-25.63,0.02
600129 CH Equity,CHONGQING TAIJ-A,22.96M,77.71,2.6,--,3.45%,Health Care,9.09B,1.29%,2.28%,176.03%,-75.37%,-25.4,-5.23
601096 CH Equity,HSINO TOWER GR-A,22.85M,45.8,3.34,31.47,7.49%,Industrials,15.33B,2.18%,5.50%,30.15%,17.75%,30.82,1.67
002041 CH Equity,DENGHAI SEEDS -A,22.79M,174.39,2.51,52.21,1.44%,Consumer Staples,9.08B,0.57%,0.90%,0.86%,-54.99%,9.44,-1.8
300119 CH Equity,TIANJIN RINGPU-A,22.76M,21.08,1.81,231.63,8.73%,Health Care,8.49B,4.74%,6.41%,30.11%,-20.15%,-16.46,-0.07
300232 CH Equity,UNILUMIN GROUP-A,22.70M,67.24,1.31,23.31,2.08%,Information Technology,7.54B,1.49%,0.84%,65.93%,-1.23%,-10.58,1.03
300663 CH Equity,CLIENT SERVICE-A,22.69M,--,7.71,28.52,-55.88%,Information Technology,6.25B,-8.71%,-24.47%,118.90%,-21.69%,-27.27,-1.48
002979 CH Equity,CHINA LEADSHIN-A,22.58M,54.42,7.2,47.77,14.15%,Information Technology,11.84B,1.84%,10.51%,36.41%,35.82%,-18.25,-0.42
300127 CH Equity,CHENGDU GALAXY-A,22.56M,54.91,6.56,126.75,11.99%,Information Technology,9.72B,1.82%,11.36%,0.18%,-4.10%,-6.78,0.76
601222 CH Equity,JIANGSU LINYAN-A,22.56M,59.86,0.78,--,1.29%,Industrials,12.07B,1.67%,0.99%,28.19%,-72.09%,-3.68,-0.09
600771 CH Equity,GUANGYUYUAN CH-A,22.42M,102.09,5.1,49.78,5.12%,Health Care,8.41B,0.98%,5.80%,3.48%,-47.98%,-11.08,0.38
1928 HK Equity,SANDS CHINA LTD,22.34M,19.86,12.7,14.8,73.68%,Consumer Discretionary,139.37B,5.04%,13.70%,506.57%,-1.91%,-14.5,4.29
601825 CH Equity,SHANGHAI RURAL-A,22.32M,7.05,0.69,--,10.08%,Financials,87.19B,14.19%,3.69%,197.79%,0.82%,11.47,1.36
002060 CH Equity,GUANGDONG CONS-A,22.28M,13.15,1.03,--,8.05%,Industrials,14.23B,7.61%,3.55%,243.04%,49.18%,-2.57,0.46
002068 CH Equity,JIANGXI BLACK -A,22.24M,--,2.23,--,-17.15%,Materials,6.13B,-5.96%,-7.83%,162.13%,-4.06k%,-23.28,-1.67
600017 CH Equity,RIZHAO PORT -A,22.24M,18.81,0.67,--,3.57%,Industrials,9.35B,5.32%,2.98%,106.82%,-11.77%,-2.49,-0.33
002254 CH Equity,TAYHO ADVANCED-A,22.19M,--,1.3,--,-0.35%,Consumer Discretionary,9.13B,-0.30%,-0.25%,64.51%,-67.60%,6.39,-0.37
600782 CH Equity,XINYU IRON & S-A,22.18M,11.52,0.42,--,3.74%,Materials,11.34B,8.68%,1.67%,45.34%,72.68%,-16.43,-0.26
600273 CH Equity,ZHEJIANG JIAHU-A,22.05M,12.06,1.25,307.02,9.74%,Materials,12.17B,8.29%,9.23%,14.73%,-27.28%,9.18,1.55
603613 CH Equity,BEIJING UNITED-A,21.88M,12.6,2.03,125.06,17.54%,Industrials,18.05B,7.94%,12.75%,42.42%,3.85%,-17.44,1.49
316 HK Equity,ORIENT OVERSEAS,21.81M,8.12,0.91,38.99,11.36%,Industrials,96.02B,12.32%,7.86%,9.54%,-66.84%,18.21,59.91
002258 CH Equity,LIER CHEMICAL -A,21.69M,24.84,1.51,86.7,6.13%,Materials,11.89B,4.03%,4.89%,50.86%,44.99%,14.93,5.65
301263 CH Equity,GUANGDONG TAIE-A,21.67M,542.52,6.69,--,1.33%,Health Care,11.66B,0.18%,0.95%,21.86%,-87.57%,-17.2,9.13
000059 CH Equity,NORTH HUAJIN C-A,21.64M,--,0.84,--,-20.44%,Materials,8.51B,-27.02%,-9.25%,103.49%,65.64%,2.5,0.66
600933 CH Equity,IKD CO LTD-A,21.51M,15.61,1.87,22.1,12.47%,Consumer Discretionary,17.67B,6.40%,7.76%,45.77%,5.88%,-21.62,3.76
300493 CH Equity,SHANGHAI FORTU-A,21.49M,166.51,6.87,84.12,4.05%,Information Technology,7.99B,0.60%,3.39%,24.36%,54.70%,-29.71,-2.95
322 HK Equity,TINGYI,21.48M,14.66,4.41,13.05,30.82%,Consumer Staples,75.70B,6.82%,15.04%,82.35%,12.39%,28.15,0.46
600323 CH Equity,GRANDBLUE ENV-A,21.43M,12.72,1.69,11.15,13.78%,Utilities,24.01B,7.86%,5.64%,190.43%,27.69%,5.43,7.35
603202 CH Equity,HEILONGJIANG T-A,21.35M,10.2,4.05,15.19,49.40%,Consumer Discretionary,15.45B,9.81%,33.74%,34.25%,25.44%,-0.94,--
301035 CH Equity,SHANDONG WEIFA-A,21.28M,23.13,3.15,25.55,14.45%,Materials,23.21B,4.32%,7.70%,94.02%,78.98%,2.11,28.69
605118 CH Equity,XIAMEN LEADING-A,21.28M,63.28,11.75,96.22,18.85%,Information Technology,17.61B,1.58%,14.60%,2.12%,134.83%,50.86,28.42
603871 CH Equity,JIAYOU INTERNA-A,21.23M,17.48,3.22,29.62,18.65%,Industrials,18.59B,5.72%,16.48%,0.94%,23.98%,-5.13,3.74
603883 CH Equity,LAOBAIXING PHA-A,21.18M,24.35,1.49,4.09,6.07%,Consumer Staples,10.17B,4.11%,3.96%,125.93%,-4.21%,-18.43,-4.78
002004 CH Equity,HUAPONT LIFE S-A,21.18M,--,1.08,9.66,-1.40%,Materials,10.51B,-1.33%,0.76%,57.37%,50.07%,15.18,1.63
688326 CH Equity,BEIJING JINGWE-A,21.11M,--,3.51,--,-5.23%,Consumer Discretionary,13.85B,-1.60%,-4.04%,44.14%,40.60%,-12.87,42.93
300401 CH Equity,ZHEJIANG GARDE-A,21.05M,25.25,2.25,101.79,9.20%,Health Care,7.68B,3.96%,5.90%,58.51%,-32.78%,-1.05,0.61
600155 CH Equity,POLARIS BAY GR-A,21.03M,89.47,0.7,--,0.80%,Financials,13.75B,1.12%,0.12%,125.70%,39.33%,-19.04,-0.3
301207 CH Equity,HUALAN BIOLOGI-A,20.99M,64.35,2.06,--,3.12%,Health Care,11.91B,1.55%,1.93%,0.15%,-53.98%,16.87,4.62
603505 CH Equity,CHINA KINGS RE-A,20.99M,62.16,8.32,--,14.01%,Materials,15.00B,1.61%,5.57%,137.66%,34.31%,-6.28,1.5
002881 CH Equity,MEIG SMART -A,20.99M,68.98,5.81,--,8.73%,Information Technology,10.66B,1.45%,7.50%,23.67%,-37.08%,-21.69,-1.01
688443 CH Equity,CHONGQING GENR-A,20.86M,--,5.83,--,-28.18%,Health Care,10.44B,-5.60%,-19.61%,58.58%,77.85%,-4.37,1.34
603108 CH Equity,SHANGHAI RUNDA-A,20.85M,--,1.82,16.58,-3.73%,Health Care,7.61B,-2.04%,-2.13%,125.82%,6.04%,-18.96,-4.58
688408 CH Equity,ARCTECH SOLAR -A,20.83M,23.39,1.85,--,8.83%,Industrials,7.85B,4.28%,4.78%,92.06%,-39.17%,-24.01,-9.61
300428 CH Equity,LIZHONG SITONG-A,20.82M,15.97,1.71,--,11.19%,Materials,14.55B,6.26%,4.66%,160.30%,137.03%,-14.05,6.06
600789 CH Equity,SHANDONG LUK-A,20.76M,39.14,1.89,--,4.81%,Health Care,8.70B,2.56%,3.24%,79.40%,-28.54%,-15.87,-1.59
300181 CH Equity,ZHEJIANG JOLLY-A,20.69M,18.37,3.52,654.44,20.86%,Health Care,10.98B,5.44%,16.94%,25.41%,13.15%,-13.91,-0.29
000902 CH Equity,YONFER AGRICUL-A,20.65M,12.67,1.72,206.66,14.37%,Materials,19.90B,7.89%,11.76%,18.37%,14.05%,8.7,2.72
002832 CH Equity,BIEM.L.FDLKK G-A,20.57M,15.54,1.81,122.45,12.09%,Consumer Discretionary,9.91B,6.44%,10.59%,12.96%,-27.35%,9.26,0.72
688432 CH Equity,GRINM SEMICOND-A,20.52M,85.88,3.97,109.55,4.72%,Information Technology,17.97B,1.16%,5.02%,1.04%,55.65%,7.96,3.56
002987 CH Equity,NORTHKING INFO-A,20.51M,42.71,4.88,38.05,11.73%,Information Technology,14.20B,2.34%,10.65%,5.50%,14.84%,-22.01,4.88
600480 CH Equity,LINGYUN INDUST-A,20.49M,16.06,1.54,11.64,9.79%,Consumer Discretionary,11.99B,6.23%,7.51%,32.59%,52.68%,-28.55,0.16
301522 CH Equity,SHANGDA SUPERA-A,20.45M,99.09,6.12,--,7.17%,Materials,11.57B,1.01%,4.79%,63.41%,-62.18%,-5.67,-1.38
600133 CH Equity,EAST LAKE HIGH-A,20.42M,25.33,1.11,--,4.45%,Industrials,9.76B,3.95%,-0.94%,58.44%,-85.67%,-10.21,0.35
600621 CH Equity,SHANGHAI CHINA-A,20.25M,23.16,1.6,3.4,7.21%,Financials,14.70B,4.32%,0.05%,227.16%,368.54%,-16.86,1.27
002807 CH Equity,JIANGSU JIANGY-A,20.15M,5.11,0.58,--,11.90%,Financials,11.17B,19.58%,7.39%,100.52%,0.14%,3.43,0.66
002681 CH Equity,SHENZHEN FENDA-A,20.15M,--,4.18,22.53,-1.82%,Consumer Discretionary,9.53B,-0.46%,-1.02%,55.33%,-91.95%,-24.79,-1.35
000712 CH Equity,GUANGDONG GOLD-A,20.14M,57.68,3.61,--,6.45%,Financials,9.16B,1.73%,-2.60%,203.67%,8.06%,-30.19,-0.83
002458 CH Equity,SHANDONG YISHE-A,20.11M,61.6,2.36,50.17,3.76%,Consumer Staples,10.43B,1.62%,3.11%,43.56%,-32.91%,9.14,-0.42
300415 CH Equity,YIZUMI HOLDIN-A,20.09M,16.98,3.75,429.81,23.20%,Industrials,11.70B,5.89%,12.47%,99.32%,22.41%,-2.8,6.55
300079 CH Equity,SUMAVISION TEC-A,20.09M,280.23,1.76,40.39,0.63%,Information Technology,7.57B,0.36%,-1.22%,2.75%,-72.44%,-9.85,0.5
968 HK Equity,XINYI SOLAR HLDS,20.00M,30.38,0.92,--,2.78%,Information Technology,27.53B,3.29%,-15.25%,37.55%,-46.54%,-16.16,0.57
603103 CH Equity,HENGDIAN ENTER-A,20.00M,89.95,11.54,20.15,13.24%,Communication Services,14.29B,1.11%,8.04%,119.12%,70.72%,48.33,6.72
600508 CH Equity,SHANGHAI DATUN-A,19.94M,42.86,0.74,--,1.73%,Energy,9.30B,2.33%,1.39%,18.70%,-67.68%,2.39,1.43
CLI SP Equity,CAPITALAND INVES,19.87M,93,1.11,22.3,1.11%,Real Estate,13.93B,1.08%,1.03%,61.73%,-3.77%,4.1,0.51
301175 CH Equity,BEIJING CHINA -A,19.84M,23.82,2.46,--,10.48%,Industrials,9.10B,4.20%,7.41%,66.90%,36.02%,15.49,0.86
603997 CH Equity,NINGBO JIFENG -A,19.74M,35.71,3.01,88.87,9.07%,Consumer Discretionary,16.13B,2.80%,4.95%,144.70%,372.47%,-2.31,2.08
002139 CH Equity,SHENZHEN TOPBA-A,19.70M,41.1,2.16,--,5.33%,Information Technology,15.06B,2.43%,3.45%,49.29%,-72.66%,-21.41,-0.11
688567 CH Equity,FARASIS ENERGY-A,19.69M,--,1.63,--,-4.20%,Industrials,15.72B,-2.60%,-1.34%,80.33%,-95.74%,-30.11,1.19
688484 CH Equity,SOUTHCHIP SEMI-A,19.65M,67.37,3.73,--,5.69%,Information Technology,15.38B,1.48%,3.96%,7.99%,-21.78%,-28.19,5.92
600285 CH Equity,HENAN LINGRUI-A,19.63M,15.52,3.82,13.3,26.04%,Health Care,12.42B,6.44%,22.20%,15.99%,7.33%,-3.52,-0.13
603730 CH Equity,SHANGHAI DAIMA-A,19.61M,33.33,4.32,28.79,13.55%,Consumer Discretionary,19.92B,3.00%,13.79%,31.28%,-13.48%,39.61,3.93
603055 CH Equity,ZHEJIANG TAIHU-A,19.57M,16.41,1.65,--,10.41%,Consumer Discretionary,8.60B,6.09%,6.38%,100.61%,-50.13%,7.21,0.57
601020 CH Equity,TIBET HUAYU MI-A,19.56M,25.23,5.34,--,23.90%,Materials,22.84B,3.96%,11.32%,16.76%,273.38%,-0.04,10.29
300926 CH Equity,JIANGSU BOJUN -A,19.55M,12.58,3.03,--,27.97%,Consumer Discretionary,10.73B,7.95%,13.63%,103.98%,-6.56%,-20.73,1.53
688639 CH Equity,HUAHENG BIOTEC-A,19.48M,54.37,2.7,--,5.08%,Materials,7.15B,1.84%,3.86%,78.23%,155.29%,-19.16,0.35
600507 CH Equity,FANGDA SPECIAL-A,19.47M,13.44,1.22,28.16,9.69%,Materials,12.68B,7.44%,5.56%,55.64%,227.36%,-1.79,1.51
600420 CH Equity,SHANGHAI SHYND-A,19.32M,14.76,1.01,9.6,6.98%,Health Care,13.89B,6.78%,5.68%,7.48%,-27.72%,-3.81,0.55
002123 CH Equity,MONTNETS CLOUD-A,19.29M,--,4.62,--,-2.99%,Information Technology,7.98B,-0.58%,-1.09%,62.89%,3.39%,-23.71,-2.82
603662 CH Equity,KELI SENSING T-A,19.28M,47.47,5.58,--,12.09%,Industrials,15.36B,2.11%,9.10%,27.37%,1.14%,-24.9,-1.69
000099 CH Equity,CITIC OFFSHORE-A,19.24M,42.31,2.38,7.45,5.71%,Industrials,13.09B,2.36%,4.91%,20.93%,-27.32%,-25.67,-3.88
300451 CH Equity,B-SOFT CO LTD-A,19.17M,--,1.68,--,-7.78%,Health Care,7.27B,-4.80%,-7.43%,1.64%,-564.51%,-0.64,-0.83
002212 CH Equity,TOPSEC TECHNOL-A,19.07M,601.53,0.93,--,0.18%,Information Technology,8.69B,0.17%,0.25%,3.54%,24.07%,-24.72,0.15
600971 CH Equity,ANHUI HENGYUAN-A,19.04M,--,0.74,--,-1.59%,Energy,8.72B,-2.20%,-1.40%,44.29%,-82.78%,4.01,-0.11
300151 CH Equity,SHENZHEN CHANG-A,18.99M,125.74,5.2,786.8,4.19%,Industrials,8.46B,0.80%,2.21%,45.65%,-52.71%,8.32,3.68
002006 CH Equity,ZHEJIANG JINGG-A,18.99M,39.68,3.78,--,11.77%,Industrials,9.09B,2.52%,8.00%,35.29%,43.62%,-20.26,1.86
300027 CH Equity,HUAYI BROTHERS-A,18.95M,--,16.02,--,-80.32%,Communication Services,4.22B,-8.44%,-18.35%,288.36%,21.42%,-39.2,-0.78
600315 CH Equity,SHANGHAI JAHWA-A,18.95M,51.82,1.98,15.72,3.94%,Consumer Staples,13.77B,1.93%,2.94%,8.75%,73.08%,-19.78,0.66
601136 CH Equity,CAPITAL SECURI-A,18.91M,41.08,3.19,92.99,7.83%,Financials,43.92B,2.43%,2.56%,210.91%,12.79%,-27.97,-3.43
603099 CH Equity,CHANGBAI MOUNT-A,18.90M,71.01,6.32,472.71,9.73%,Consumer Discretionary,9.46B,1.41%,8.87%,6.46%,-436.51%,-21.88,-0.16
002368 CH Equity,TAIJI COMPUTER-A,18.88M,53.81,2.32,--,4.38%,Information Technology,12.02B,1.86%,3.35%,72.55%,97.26%,-29.78,-5.21
301458 CH Equity,JUNEWAY ELECTR-A,18.77M,69.6,5.62,180.86,9.90%,Information Technology,9.30B,1.44%,8.77%,5.39%,-5.00%,-4.31,5.29
600728 CH Equity,PCI-TECHNOLOGY-A,18.76M,45.07,1.54,--,2.25%,Information Technology,12.11B,2.22%,1.96%,60.75%,-82.65%,-19.77,1.09
002268 CH Equity,CETC CYBERSPAC-A,18.72M,88.98,2.61,95.07,2.97%,Information Technology,14.06B,1.12%,2.57%,1.18%,-215.29%,-5.03,1.9
601200 CH Equity,SHANGHAI ENVIR-A,18.69M,17.97,0.93,12.86,5.27%,Industrials,10.84B,5.57%,3.76%,76.58%,14.95%,-2.19,0.54
600649 CH Equity,SHANGHAI SMI H-A,18.68M,36.52,0.5,--,1.38%,Real Estate,10.62B,2.74%,0.63%,193.30%,-89.90%,-12.58,-0.17
002320 CH Equity,HAINAN STRAIT-A,18.66M,108.35,4.67,11.57,4.18%,Industrials,18.80B,0.92%,12.85%,31.35%,-82.60%,-21.62,2.32
000061 CH Equity,SHENZ AGRICULT-A,18.47M,37.18,1.7,--,4.57%,Consumer Staples,14.31B,2.69%,3.18%,63.34%,24.18%,-12.61,0.1
605296 CH Equity,YUNNAN SHENNON-A,18.44M,22.07,2.85,72.99,13.46%,Consumer Staples,14.89B,4.53%,12.21%,14.42%,-89.17%,-6.93,-2.76
000685 CH Equity,ZHONGSHAN PUBL-A,18.36M,11.46,0.89,--,7.90%,Utilities,15.98B,8.72%,1.27%,52.59%,53.61%,-22.64,2.65
600718 CH Equity,NEUSOFT CORP-A,18.29M,--,1.13,18.87,-0.40%,Information Technology,10.73B,-0.35%,1.69%,15.47%,-78.10%,-18.45,-0.94
000672 CH Equity,GANSU SHANGFEN-A,18.27M,17.12,1.46,12.6,8.54%,Materials,12.98B,5.84%,5.17%,50.51%,37.79%,14.44,6.44
600161 CH Equity,BEIJING TIAN-A,18.26M,27.02,2.5,--,9.54%,Health Care,29.28B,3.70%,9.67%,1.05%,-48.77%,-23.5,-7.53
000650 CH Equity,RENHE PHARMACY-A,18.26M,18.23,1.29,5.87,7.15%,Health Care,8.20B,5.48%,6.35%,5.28%,16.50%,-5.18,0.69
1876 HK Equity,BUDWEISER BREWIN,18.25M,26.42,1.26,20.03,4.78%,Consumer Staples,101.58B,3.78%,4.49%,2.68%,-59.74%,-8.47,-0.43
300036 CH Equity,BEIJING SUPRMP-A,18.25M,--,2.75,--,-5.58%,Information Technology,7.55B,-2.04%,-7.05%,1.24%,79.62%,-10.56,1.1
001227 CH Equity,BANK OF LANZHO-A,18.21M,7.95,0.42,--,5.54%,Financials,12.70B,12.58%,3.87%,248.41%,27.81%,-4.69,0.07
603583 CH Equity,ZHEJIANG JIECA-A,18.21M,34.27,2.72,72.19,8.18%,Information Technology,12.66B,2.92%,6.10%,26.49%,11.74%,-22.14,-1.34
603027 CH Equity,QIANHE CONDIME-A,18.13M,29.91,3.72,128.91,12.22%,Consumer Staples,12.66B,3.34%,10.45%,14.66%,-14.35%,7.29,1.7
600859 CH Equity,WANGFUJING GRO-A,18.10M,--,0.69,8.75,-0.18%,Consumer Discretionary,13.59B,-0.22%,0.35%,52.09%,-68.34%,-13.64,-3.89
002174 CH Equity,YOUZU INTERACT-A,18.06M,--,1.92,--,-6.61%,Communication Services,9.50B,-3.53%,-5.51%,10.48%,90.01%,-15.06,1.37
688029 CH Equity,MICRO-TECH NAN-A,18.04M,23.47,3.53,35.94,15.67%,Health Care,14.38B,4.26%,12.95%,6.01%,-0.01%,-21.7,22.32
FRKN SP Equity,FRENCKEN GROUP L,17.98M,25.98,2.14,11.69,8.60%,Industrials,1.02B,3.85%,7.33%,18.80%,-6.34%,56.58,1.48
000676 CH Equity,GENIMOUS TECH-A,17.97M,54.24,2.23,--,4.30%,Information Technology,9.68B,1.84%,4.25%,7.78%,-65.69%,-20.82,0.44
301556 CH Equity,ZHEJIANG TOP C-A,17.87M,49.16,7.46,79.39,16.24%,Information Technology,7.07B,2.03%,14.06%,2.22%,-15.97%,-12.31,-14.99
601595 CH Equity,SHANGHAI FILM -A,17.87M,89.52,6.41,92.53,7.11%,Communication Services,11.10B,1.12%,6.33%,19.42%,1.44k%,-13.49,-4.26
300031 CH Equity,WUXI BOTON TEC-A,17.83M,48.9,2.18,--,4.58%,Communication Services,8.84B,2.05%,2.62%,24.05%,16.57%,-12.87,-1.27
603025 CH Equity,BEIJING DAHAO -A,17.76M,21.74,5.69,47.84,27.80%,Information Technology,15.50B,4.60%,20.69%,27.10%,57.20%,-16.94,2.01
600918 CH Equity,ZHONGTAI SECUR-A,17.75M,29.72,1.07,--,3.12%,Financials,47.43B,3.37%,1.20%,173.55%,-74.61%,-16.11,-0.07
300917 CH Equity,SHENZHEN SDG S-A,17.73M,40.62,4.56,37.38,11.68%,Real Estate,5.31B,2.46%,9.32%,3.48%,22.12%,-28.64,-16.38
301238 CH Equity,JIANGSU RUITAI-A,17.71M,254.99,1.97,--,0.73%,Industrials,14.28B,0.39%,1.05%,16.56%,1.35%,-7.28,4.37
600057 CH Equity,XIAMEN XIANGYU-A,17.68M,16.62,1.42,2.05,9.55%,Industrials,23.52B,6.02%,2.97%,163.00%,-74.25%,11.45,2.72
603229 CH Equity,ZHEJIANG AUSUN-A,17.67M,45.8,3.53,57.72,7.96%,Health Care,8.34B,2.18%,4.99%,21.38%,-18.79%,-1.18,2.58
300702 CH Equity,ZHEJIANG TIANY-A,17.65M,42.26,2.18,--,5.29%,Health Care,8.10B,2.37%,3.74%,56.44%,145.48%,-9.81,5.69
600325 CH Equity,ZHUHAI HUAFA-A,17.60M,--,0.5,0.59,-1.39%,Real Estate,9.52B,-2.89%,0.37%,106.69%,-45.47%,-35.57,-1.75
301087 CH Equity,COFOE MEDICAL -A,17.54M,32.3,2.48,21.94,7.69%,Health Care,12.08B,3.10%,6.12%,18.49%,78.38%,45.21,26.92
002390 CH Equity,GUIZHOU XINBAN-A,17.54M,83.12,0.91,10.56,1.14%,Health Care,6.32B,1.20%,2.59%,9.48%,-17.62%,-14.02,-0.12
000813 CH Equity,DEZHAN HEALTH-A,17.53M,--,1.46,--,-1.76%,Health Care,7.26B,-1.10%,-2.77%,2.85%,-800.42%,-18.78,0.23
002332 CH Equity,ZHEJIANG XIAN-A,17.52M,32.52,1.49,2.25k,4.56%,Health Care,8.90B,3.07%,6.54%,6.10%,-46.44%,-7.69,0.18
1997 HK Equity,WHARF REAL ESTAT,17.50M,--,0.39,--,-2.30%,Real Estate,70.62B,-6.02%,-2.05%,18.28%,-9.05%,5.69,7.69
000837 CH Equity,QINCHUAN MACHI-A,17.48M,201.83,2.19,151.21,1.09%,Industrials,10.85B,0.50%,0.80%,23.70%,-730.26%,-22.83,-0.74
002511 CH Equity,C&S PAPER CO-A,17.40M,43.65,2,17.66,4.66%,Consumer Staples,10.95B,2.29%,3.81%,33.46%,-26.75%,1.79,1.92
301297 CH Equity,FERROTEC ANHUI-A,17.39M,63.75,4.86,625.67,7.13%,Industrials,25.61B,1.57%,7.79%,10.60%,740.70%,-18.47,-2.13
300470 CH Equity,SINOSEAL HOLDI-A,17.37M,19.51,2.83,--,15.00%,Industrials,7.88B,5.12%,13.93%,2.27%,0.85%,2.19,5.74
603392 CH Equity,BEIJING WANTAI-A,17.23M,--,4.06,--,-2.72%,Health Care,49.01B,-0.68%,-3.30%,3.19%,-40.31%,-32.66,-27.92
002965 CH Equity,LUCKY HARVEST -A,17.18M,31.38,1.83,24.65,5.95%,Industrials,7.81B,3.19%,4.80%,34.03%,-53.20%,-33.56,-2.85
300276 CH Equity,SANFENG INTELL-A,17.17M,199.74,4.9,29.19,2.48%,Industrials,9.72B,0.50%,2.14%,5.42%,-25.66%,-30.32,-4.85
002010 CH Equity,TRANSFAR-A,17.13M,28.88,0.88,27.8,3.11%,Materials,15.92B,3.46%,1.54%,74.25%,-17.42%,-9.98,0.85
002839 CH Equity,JIANGSU ZHANGJ-A,17.08M,5.82,0.59,--,10.39%,Financials,10.95B,17.19%,6.38%,107.45%,-1.93%,5.11,0.74
300705 CH Equity,HUNAN JIUDIAN -A,17.07M,15.06,2.63,57.77,18.54%,Health Care,7.11B,6.64%,16.26%,18.17%,-34.53%,-17.04,-2.23
301678 CH Equity,HENGHUI TECHNO-A,17.02M,58.69,8.99,51.87,16.52%,Information Technology,14.62B,1.70%,14.65%,0.20%,23.67%,-22.43,--
300525 CH Equity,FUJIAN BOSS SO-A,16.97M,27.93,3.06,27.3,11.56%,Information Technology,7.78B,3.58%,10.00%,22.35%,-25.48%,-26.03,-4.35
300678 CH Equity,CHENGDU INFORM-A,16.95M,588.53,9.85,156.31,1.67%,Information Technology,8.43B,0.17%,0.92%,0.95%,195.10%,-19.64,-0.38
301510 CH Equity,GOOGOL TECHNOL-A,16.94M,184.34,8.61,518.87,4.75%,Information Technology,12.14B,0.54%,4.02%,1.84%,403.30%,-12.03,0.33
002216 CH Equity,SANQUAN FOOD -A,16.91M,20.62,2.49,37.85,12.33%,Consumer Staples,11.26B,4.85%,8.64%,15.59%,24.56%,17.63,1.02
300598 CH Equity,ARCHERMIND TEC-A,16.86M,--,5.42,--,-7.29%,Information Technology,8.06B,-1.39%,-4.90%,58.46%,61.57%,-26.02,-6.75
002791 CH Equity,GUANGDONG KINL-A,16.82M,92.13,1.19,44.78,1.31%,Industrials,6.68B,1.09%,1.11%,16.98%,70.57%,-12.91,-6.68
600403 CH Equity,HENAN DAYOU-A,16.82M,--,3.7,--,-43.17%,Energy,13.60B,-14.82%,-15.97%,137.70%,-182.30%,32.02,2.36
002761 CH Equity,ZHEJIANG CONST-A,16.81M,63.38,1.34,4.02,2.13%,Industrials,11.00B,1.58%,0.53%,226.41%,61.13%,-11.61,0.16
301109 CH Equity,HUNAN JUNXIN E-A,16.71M,16.62,1.54,11.48,9.81%,Industrials,12.01B,6.02%,8.61%,31.48%,-36.35%,4.32,2.64
688596 CH Equity,SHANGHAI GENTE-A,16.68M,32.3,2.36,--,7.62%,Information Technology,8.78B,3.10%,5.43%,86.50%,-41.18%,-33.92,-7.45
1038 HK Equity,CKI HOLDINGS,16.66M,19.8,1.28,--,6.63%,Utilities,163.90B,5.05%,0.01%,15.11%,3.04%,25.7,21.31
300687 CH Equity,GUANGZHOU SIE -A,16.65M,106.98,2.8,--,2.67%,Information Technology,7.71B,0.93%,2.12%,21.50%,-85.05%,-33.11,-7.48
000935 CH Equity,SICHUAN HEXIE-A,16.61M,55.01,2.52,81.48,4.73%,Materials,19.71B,1.82%,3.31%,10.95%,177.07%,14.5,11.16
603317 CH Equity,SICHUAN TEWAY-A,16.58M,24.61,3.09,25.3,12.50%,Consumer Staples,14.03B,4.06%,11.17%,0.13%,-4.15%,14.61,0.06
688798 CH Equity,SHANGHAI AWINI-A,16.52M,49.43,3.77,46.8,7.81%,Information Technology,15.73B,2.02%,6.01%,9.88%,50.76%,-21.89,5.05
UMSH SP Equity,UMS INTEGRATION,16.48M,36.49,3.54,996.5,9.82%,Information Technology,1.52B,2.74%,9.24%,2.10%,-1.97%,48.48,0.98
SATS SP Equity,SATS LTD,16.48M,19.82,1.85,--,9.65%,Industrials,5.41B,5.05%,--,93.10%,19.15%,4.89,1.05
000756 CH Equity,SHANDONG XINHU-A,16.46M,13.6,0.73,9.58,5.68%,Health Care,8.46B,7.35%,4.39%,36.80%,-74.88%,-7.13,1.27
688591 CH Equity,TELINK SEMICON-A,16.46M,51.07,3.56,43.18,5.33%,Information Technology,8.98B,1.96%,5.98%,1.25%,-0.55%,-35.47,1.33
762 HK Equity,CHINA UNICOM,16.43M,9.24,0.52,--,5.71%,Communication Services,220.61B,10.82%,3.66%,9.19%,5.33%,-19.44,-1.06
002075 CH Equity,JIANGSU SHAGAN-A,16.38M,35.92,1.57,7.17,4.44%,Materials,10.35B,2.78%,1.17%,103.58%,141.77%,-17.55,-0.31
002541 CH Equity,ANHUI HONGLU-A,16.33M,23.86,1.48,--,6.33%,Materials,14.68B,4.19%,3.99%,151.76%,-7.49%,9.75,0.56
601187 CH Equity,XIAMEN BANK CO-A,16.27M,8.72,0.75,--,9.11%,Financials,19.85B,11.47%,1.88%,484.43%,8.37%,20.91,2.01
600033 CH Equity,FUJIAN EXPRESS-A,16.11M,12.55,0.82,4.77,6.70%,Industrials,10.15B,7.97%,6.23%,5.60%,4.49%,9.18,-0.05
605599 CH Equity,BEIJING CAISHI-A,16.06M,21.61,4.21,14.58,20.32%,Consumer Discretionary,17.52B,4.63%,18.87%,3.95%,32.14%,54.95,11.18
LREIT SP Equity,LENDLEASE GLOBAL,15.92M,18.06,0.6,11.18,4.09%,Real Estate,1.86B,5.54%,5.08%,98.53%,182.09%,-8.85,0.11
688352 CH Equity,HEFEI CHIPMORE-A,15.89M,57.05,2.49,--,4.50%,Information Technology,15.07B,1.75%,3.85%,11.09%,30.04%,-9.28,1.84
603567 CH Equity,HEILONGJIANG Z-A,15.84M,--,0.85,26.17,-4.42%,Health Care,6.18B,-5.38%,-1.98%,45.22%,-73.50%,-45.48,-3.65
600929 CH Equity,SNOWSKY SALT I-A,15.82M,--,1.32,--,-0.03%,Materials,10.14B,-0.03%,0.28%,9.65%,-69.87%,4.92,1.71
600963 CH Equity,YUEYANG FOREST-A,15.70M,--,1.11,--,-3.03%,Materials,8.44B,-2.72%,-0.42%,140.10%,94.12%,6.43,0.52
002507 CH Equity,CHONGQING FULI-A,15.67M,18.37,1.62,38.43,8.80%,Consumer Staples,14.19B,5.44%,7.28%,0.01%,-20.11%,-3.84,-0.65
601860 CH Equity,JIANGSU ZIJIN -A,15.62M,6.71,0.48,--,7.38%,Financials,9.77B,14.91%,3.16%,176.98%,-30.37%,-4.64,0.11
300925 CH Equity,SHENZHEN FARBE-A,15.52M,72.5,3.48,--,4.94%,Information Technology,7.64B,1.38%,3.67%,9.30%,-21.70%,-32.05,-2.69
600787 CH Equity,CMST DEVELOPM-A,15.45M,21.68,0.85,12.11,3.92%,Industrials,11.83B,4.61%,3.78%,16.46%,-126.52%,-8.71,-1.1
300087 CH Equity,WINALL HI-TECH-A,15.32M,411.67,4.42,--,1.07%,Consumer Staples,7.70B,0.24%,1.43%,101.48%,-113.54%,-11.82,-3.5
002434 CH Equity,ZHEJIANG WANLI-A,15.31M,32.76,1.77,48.19,5.53%,Industrials,10.51B,3.05%,3.29%,36.69%,-16.84%,-21.08,1.57
000589 CH Equity,GUIZHOU TYRE-A,15.28M,14.27,0.8,--,5.73%,Consumer Discretionary,7.15B,7.01%,3.59%,71.30%,59.67%,-3.83,0.34
000686 CH Equity,NORTHEAST SECU-A,15.27M,12.81,0.95,--,7.59%,Financials,18.89B,7.81%,2.62%,203.28%,83.77%,-7.69,1.02
603919 CH Equity,JINHUI LIQUOR -A,15.26M,24.58,2.54,--,10.49%,Consumer Staples,8.89B,4.07%,9.34%,10.51%,-51.40%,-10.69,-1.61
688153 CH Equity,VANCHIP TIANJ-A,15.24M,811.54,3.61,39.9,0.42%,Information Technology,14.53B,0.12%,-0.75%,5.30%,-47.79%,-1.52,2.81
603057 CH Equity,ZIYAN FOODS GROU,15.21M,54.98,5.27,39.62,9.57%,Consumer Staples,10.53B,1.82%,6.87%,53.77%,-31.11%,31.57,3.56
300861 CH Equity,YANGLING METRO-A,15.20M,504.99,1.67,18.73,0.32%,Information Technology,10.59B,0.20%,-0.16%,1.32%,-33.98%,-7.94,4.06
688252 CH Equity,JADARD TECHNOL-A,15.13M,42.96,3.63,--,8.86%,Information Technology,8.93B,2.33%,7.49%,0.07%,-35.72%,-20.93,-0.78
002011 CH Equity,ZHEJIANG DUN'A-A,15.12M,10.6,1.96,13.03,20.30%,Industrials,12.52B,9.43%,13.26%,34.96%,27.93%,-18.76,1.16
600185 CH Equity,ZHUHAI ZHUMIAN G,15.07M,--,18.7,43.43,-44.54%,Real Estate,10.71B,-10.85%,-3.27%,374.34%,28.50%,-6.73,-1.1
603323 CH Equity,JIANGSU SUZHOU-A,15.03M,4.78,0.52,--,11.32%,Financials,9.69B,20.92%,5.80%,129.82%,2.44%,-5.33,0.48
601059 CH Equity,CINDA SECURITI-A,14.99M,28.48,2.55,--,9.38%,Financials,53.64B,3.51%,2.20%,242.49%,-9.75%,-14.28,2.24
600210 CH Equity,SHANG ZI JIANG-A,14.98M,8.38,1.57,--,19.87%,Materials,10.45B,11.94%,9.67%,58.04%,192.71%,-6.77,1.02
601089 CH Equity,BEIJING WINSUN-A,14.97M,23.8,2.96,151.21,12.97%,Health Care,11.17B,4.20%,11.96%,0.77%,-0.80%,3.65,9.26
002605 CH Equity,SHANGHAI YAOJI-A,14.96M,16.99,2.31,18.89,14.17%,Consumer Discretionary,8.64B,5.89%,11.83%,27.21%,-9.01%,-24.8,-4.64
CIT SP Equity,CITY DEVELOPS,14.93M,12.14,0.81,--,6.84%,Real Estate,7.54B,8.23%,3.28%,136.98%,694.21%,19.55,4.05
600997 CH Equity,KAILUAN ENERGY-A,14.90M,26.34,0.65,--,-0.23%,Materials,9.19B,3.80%,1.85%,36.44%,6.14%,-19.25,-0.22
688690 CH Equity,SUZHOU NANOMIC-A,14.88M,70.94,5.62,206.76,8.28%,Materials,10.61B,1.41%,7.67%,2.13%,19.65%,-5.37,11.06
301000 CH Equity,SHANGHAI HAJIM-A,14.77M,49.43,5.74,87.43,12.16%,Materials,7.14B,2.02%,11.66%,0.41%,58.24%,-37.35,-7.22
600037 CH Equity,BEIJING GEHUA-A,14.76M,--,0.83,31.51,-0.44%,Communication Services,10.56B,-0.53%,-1.51%,1.66%,53.73%,-5.12,0.73
603809 CH Equity,CHENGDU HAONEN-A,14.69M,26.86,2.69,--,11.34%,Consumer Discretionary,9.83B,3.72%,7.47%,62.92%,-28.17%,-32.15,-0.39
002243 CH Equity,SHENZHEN LEAGU-A,14.56M,59.01,1.43,--,2.42%,Materials,10.44B,1.69%,0.16%,64.81%,-69.08%,-10.58,1.11
SSG SP Equity,SHENG SIONG GROU,14.56M,32.08,8.16,21.8,26.62%,Consumer Staples,4.80B,3.12%,19.56%,29.51%,17.16%,49.07,1.56
688522 CH Equity,NARUIDA TECHNO-A,14.55M,78.06,4.25,67.88,5.55%,Information Technology,9.66B,1.28%,4.04%,0.13%,-47.59%,-25.46,-17.06
002096 CH Equity,EXPLOSIVE CO L-A,14.52M,18.2,1.81,24.11,10.27%,Materials,14.43B,5.49%,8.57%,12.20%,-34.67%,-17.11,0.01
688686 CH Equity,OPT MACHINE VI-A,14.50M,61.81,3.76,100.65,6.23%,Information Technology,11.52B,1.62%,5.72%,2.03%,265.91%,-30.49,26.81
300595 CH Equity,OVCTEK CHINA I-A,14.49M,26.23,2.56,28.12,9.98%,Health Care,12.57B,3.81%,8.79%,4.85%,13.28%,-15.69,-0.38
002649 CH Equity,BEYONDSOFT COR-A,14.48M,52.64,1.6,24.46,3.06%,Information Technology,6.79B,1.90%,2.57%,5.92%,-43.77%,-17.26,0.31
300075 CH Equity,BEIJING EGOVA-A,14.43M,--,2.19,--,-12.58%,Information Technology,7.73B,-6.13%,-13.87%,0.76%,15.01%,-22.53,-2.9
601528 CH Equity,ZHEJIANG SHAOX-A,14.42M,5.19,0.52,--,10.17%,Financials,10.24B,19.26%,4.74%,190.28%,-10.31%,-2.61,0.44
KDCREIT SP Equity,KEPPEL DC REIT,14.42M,12.62,1.35,--,11.35%,Real Estate,5.62B,7.92%,5.10%,56.51%,31.33%,-1.5,0.44
688209 CH Equity,SHENZHEN INJOI-A,14.41M,58.86,4.27,57.07,7.50%,Information Technology,9.08B,1.70%,6.82%,3.90%,20.75%,-6.18,3.04
605011 CH Equity,HANGZHOU COGEN-A,14.37M,40.92,3.18,735.32,8.00%,Utilities,7.66B,2.44%,4.48%,27.07%,-30.27%,-12.64,-5.33
002194 CH Equity,WUHAN FING -A,14.34M,--,2.94,107.16,-0.14%,Information Technology,7.31B,-0.05%,-0.95%,2.78%,136.33%,-20.62,0.52
300360 CH Equity,HANGZHOU SUNRI-A,14.31M,13.7,1.96,18.67,14.78%,Information Technology,8.26B,7.30%,12.38%,3.29%,-40.70%,1.09,1.34
002978 CH Equity,SICHUAN ANNING-A,14.30M,18.44,1.84,--,10.82%,Materials,15.71B,5.42%,8.76%,34.23%,-30.64%,-0.95,3.93
300188 CH Equity,SDIC INTELLIGENC,14.29M,--,3.39,--,-15.86%,Information Technology,10.55B,-5.14%,-13.84%,19.02%,-37.80%,-20.99,-0.4
600064 CH Equity,NANJING GAOKE-A,14.28M,6.18,0.73,--,12.02%,Real Estate,14.36B,16.19%,-0.94%,51.76%,-8.79%,-1.89,1.86
601718 CH Equity,JIHUA GROUP CO-A,14.28M,--,1.07,268.26,-29.87%,Industrials,13.08B,-33.16%,-26.35%,17.70%,-64.10%,-16.2,0.47
603556 CH Equity,HEXING ELECTRI-A,14.26M,17.71,2.26,38.99,13.23%,Information Technology,16.68B,5.65%,9.71%,7.21%,27.83%,12.42,3.2
688182 CH Equity,JIANGSU CAI QI-A,14.24M,118.79,5.06,--,4.27%,Information Technology,11.32B,0.84%,3.32%,5.54%,326.99%,6.15,6.27
600975 CH Equity,HUNAN NEW -A,14.14M,223.51,2.27,9.72,0.83%,Consumer Staples,6.76B,0.45%,2.43%,235.28%,253.27%,-15.34,-1.27
002158 CH Equity,SHANGHAI HANBE-A,14.12M,23.55,2.88,58.77,12.65%,Industrials,12.55B,4.25%,9.66%,22.07%,-49.55%,-8.36,8.07
002967 CH Equity,GRG METROLOGY -A,14.12M,28.04,3.3,26.71,12.22%,Industrials,13.01B,3.57%,8.55%,48.48%,-6.10%,6.24,0.24
300820 CH Equity,SICHUAN INJET -A,14.09M,47.39,3.99,21.24,8.70%,Industrials,10.12B,2.11%,7.59%,2.08%,-40.82%,-21.93,3.69
002697 CH Equity,CHENGDU HONGQI-A,13.97M,14.96,1.52,6,10.39%,Consumer Staples,7.29B,6.68%,7.26%,14.00%,-23.95%,-4.46,-0.33
601900 CH Equity,SOUTHERN PUBLI-A,13.94M,10.43,1.36,9.11,13.60%,Communication Services,11.78B,9.58%,11.31%,17.79%,66.08%,1.44,-2
001391 CH Equity,AIR CHINA CARG-A,13.93M,25.1,2.4,--,10.05%,Industrials,64.34B,3.98%,9.93%,0.57%,17.88%,-20.15,-1.94
600717 CH Equity,TIANJIN PORT -A,13.89M,13.19,0.65,10.09,4.97%,Industrials,13.08B,7.58%,4.12%,16.52%,90.04%,-5.24,0.1
688439 CH Equity,GUIZHOU ZHENHU-A,13.86M,60.7,2.01,--,3.36%,Information Technology,10.03B,1.65%,3.29%,3.23%,3.82k%,-14.32,-14.59
002777 CH Equity,SICHUAN JIUYUA-A,13.86M,84.42,3.92,--,4.58%,Information Technology,6.61B,1.18%,3.86%,1.53%,2.51%,-15.5,0.02
603100 CH Equity,CHONGQING CHUA-A,13.67M,14.92,2.18,10.56,15.32%,Information Technology,10.16B,6.70%,9.59%,28.99%,-22.28%,-19.34,-2.37
UOL SP Equity,UOL GROUP LTD,13.59M,17.66,0.72,15.38,4.13%,Real Estate,8.53B,5.66%,2.91%,27.85%,46.31%,26.51,4.79
002911 CH Equity,FORAN ENERGY G-A,13.55M,19.95,12.4,14.97,30.08%,Utilities,18.21B,5.01%,5.99%,37.19%,93.70%,8.55,3.71
301262 CH Equity,HICON NETWORK -A,13.54M,24.71,2.51,--,10.43%,Communication Services,9.63B,4.05%,9.44%,0.00%,-14.78%,-2.93,1.76
603915 CH Equity,JIANGSU GUOMAO-A,13.54M,35.95,2.66,36.37,7.43%,Industrials,9.80B,2.78%,5.40%,17.33%,53.10%,-14.24,0.36
601236 CH Equity,HONGTA SECURIT-A,13.52M,29.75,1.41,--,4.89%,Financials,35.75B,3.36%,2.29%,112.85%,222.29%,-17.96,0.48
000719 CH Equity,CENTRAL CHINA-A,13.49M,11.04,1.21,10.86,11.21%,Communication Services,14.03B,9.06%,10.21%,2.22%,33.22%,14.06,3.02
000498 CH Equity,SHANDONG HI-SP-A,13.45M,4.05,0.73,--,14.43%,Industrials,8.82B,24.71%,4.29%,100.98%,-17.72%,-9.62,0.29
300284 CH Equity,JSTI GROUP-A,13.40M,54.9,0.98,19.41,1.79%,Industrials,8.25B,1.82%,1.39%,35.22%,-31.65%,-25.03,-2.09
688165 CH Equity,EFORT INTELLIGEN,13.24M,--,5.75,--,-15.77%,Industrials,8.63B,-2.93%,-10.50%,71.78%,-151.99%,-31.47,-6.07
603383 CH Equity,FUJIAN APEX SO-A,13.23M,29.78,4,26.4,13.65%,Information Technology,5.83B,3.36%,12.88%,0.00%,11.52%,-32.6,-7.31
002226 CH Equity,ANHUI JIANGNAN-A,13.22M,17.85,1.4,20.45,8.23%,Materials,14.38B,5.60%,6.98%,41.77%,-22.34%,-23.95,0.08
600422 CH Equity,KPC PHARMACEUT-A,13.22M,24.44,1.6,48.72,6.59%,Health Care,8.56B,4.09%,4.32%,27.99%,-93.54%,-19.67,-5.62
300482 CH Equity,GUANGZHOU WOND-A,13.15M,33.4,1.52,144.93,4.73%,Health Care,8.34B,2.99%,4.21%,10.73%,-21.49%,-18.03,-2.93
002215 CH Equity,SHENZHEN NOPOS-A,13.15M,15.14,2.51,--,16.79%,Materials,10.42B,6.61%,7.53%,154.92%,18.04%,-18.54,1.76
000403 CH Equity,PACIFIC SHUANG-A,13.11M,21.68,1.51,--,7.06%,Health Care,12.11B,4.61%,6.27%,12.92%,-39.49%,-21.79,-6.01
300492 CH Equity,HUATU CENDES-A,13.08M,64.02,27.29,20.6,45.36%,Industrials,11.05B,1.56%,18.64%,199.66%,37.68%,-20.76,-2.18
301622 CH Equity,BAOTOU INST MA-A,13.02M,31.3,4.98,--,15.95%,Industrials,7.40B,3.19%,11.43%,25.73%,20.78%,-22.36,-0.13
688575 CH Equity,SHENZHEN YHLO -A,12.99M,57.83,3.1,130.8,5.35%,Health Care,8.38B,1.73%,4.64%,38.13%,9.76%,0.41,-0.16
600461 CH Equity,JIANGXI HONGCH-A,12.93M,10.24,1.27,29.24,12.79%,Utilities,12.33B,9.77%,7.83%,73.17%,12.46%,6.79,0.35
600908 CH Equity,WUXI RURAL COM-A,12.92M,5.59,0.55,--,10.12%,Financials,12.33B,17.89%,7.73%,69.60%,-2.99%,-3.51,0.52
601369 CH Equity,XI'AN SHAANGU-A,12.89M,17.37,1.98,16.53,11.50%,Industrials,17.77B,5.76%,6.26%,52.29%,2.34%,20.58,2.45
1099 HK Equity,SINOPHARM-H,12.88M,8.02,0.68,4.66,8.78%,Health Care,65.78B,12.47%,4.74%,80.93%,12.33%,11.65,3.84
601022 CH Equity,NINGBO OCEAN S-A,12.83M,17.96,1.9,--,10.98%,Industrials,11.66B,5.57%,9.17%,16.75%,-18.83%,-11.34,1.08
688586 CH Equity,HEFEI JIANGHAN-A,12.82M,179.88,4.27,--,2.21%,Industrials,10.56B,0.56%,1.30%,3.83%,-87.78%,20.27,3.99
002690 CH Equity,HEFEI MEIYA OP-A,12.71M,21.86,5.37,17.03,25.17%,Industrials,15.72B,4.57%,23.06%,1.96%,-0.90%,-13.16,2.25
300171 CH Equity,TOFFLON SCIENC-A,12.71M,64.33,1.42,25.45,2.21%,Health Care,11.19B,1.55%,1.85%,1.03%,143.87%,-0.88,3.25
002946 CH Equity,NEW HOPE DAIRY-A,12.70M,21.89,4.08,18.07,21.04%,Consumer Staples,15.91B,4.57%,12.48%,61.23%,30.14%,5.09,0.24
MLT SP Equity,MAPLETREE LOG TR,12.68M,35.74,0.94,25.71,2.48%,Real Estate,6.08B,2.80%,2.64%,78.42%,-52.07%,-2.94,0.19
IFAST SP Equity,IFAST CORP LTD,12.62M,28.46,7.17,5.29,27.98%,Financials,2.87B,3.51%,23.37%,16.97%,74.56%,0.03,3.11
300809 CH Equity,HIECISE PRECIS-A,12.60M,179.61,5.07,49.53,2.91%,Industrials,8.35B,0.56%,1.12%,4.04%,-81.97%,-21.06,-5.1
002045 CH Equity,GUOGUANG ELECT-A,12.54M,226.15,1.49,--,0.65%,Consumer Discretionary,6.60B,0.44%,-0.87%,87.03%,-65.72%,-34.67,-1.68
688206 CH Equity,PRIMARIUS TECH-A,12.50M,4.83k,6.97,--,0.16%,Information Technology,14.10B,0.02%,-0.92%,2.18%,-32.96%,-23.71,8.93
002023 CH Equity,SICHUAN HAITE-A,12.46M,59.65,1.75,32.86,2.96%,Industrials,7.64B,1.68%,2.60%,37.52%,1.25k%,-16.52,1.38
603733 CH Equity,XIANHE CO LTD-A,12.46M,16.32,1.85,--,11.76%,Materials,15.73B,6.13%,5.43%,149.77%,12.58%,-4.47,2.1
603713 CH Equity,MILKYWAY INTEL-A,12.43M,16,2.02,14.33,13.79%,Industrials,9.45B,6.25%,7.46%,110.66%,-0.31%,-4.99,13.09
002626 CH Equity,XIAMEN KINGDOM-A,12.43M,22.56,2.4,58.37,11.26%,Health Care,10.88B,4.43%,7.16%,66.76%,9.17%,-13.02,3.72
300294 CH Equity,CHINA RESOURCE-A,12.43M,81.89,1.26,--,1.51%,Health Care,9.37B,1.22%,1.00%,4.48%,27.57%,-25.95,-10.59
600058 CH Equity,MINMETALS DEVE-A,12.42M,--,2.42,11.98,0.39%,Industrials,11.82B,-0.04%,0.94%,118.81%,-73.68%,18.73,4.29
600559 CH Equity,HEBEI HENGSHUI-A,12.41M,19.19,2.32,--,12.21%,Consumer Staples,12.24B,5.21%,11.29%,0.00%,-69.80%,-21.43,-4.11
605507 CH Equity,GUOBANG PHARMA-A,12.41M,17.41,1.68,54.18,9.89%,Health Care,14.36B,5.74%,8.14%,19.32%,-25.93%,10.4,6.78
603299 CH Equity,JIANG SU SUYAN-A,12.36M,17.31,1.47,--,8.67%,Materials,11.07B,5.78%,5.89%,38.96%,-73.53%,6.53,1.79
688631 CH Equity,NANJING LES IN-A,12.32M,134.46,4.74,--,3.51%,Industrials,8.58B,0.74%,3.17%,1.31%,1.28%,-42.16,-26.56
868 HK Equity,XINYI GLASS,12.28M,16.47,1.23,16.97,7.68%,Industrials,45.35B,6.07%,6.19%,13.04%,186.15%,12.64,3.28
002093 CH Equity,GUOMAI-A,12.23M,43.63,2.46,48.55,5.79%,Information Technology,9.59B,2.29%,3.55%,0.00%,-24.59%,-15.9,-0.76
300770 CH Equity,GUANGDONG SOUT-A,12.21M,12.25,2.32,62.13,19.58%,Communication Services,9.05B,8.16%,18.47%,0.09%,14.30%,-12.57,5.35
603395 CH Equity,CNSIG ANHUI HO-A,12.18M,128.73,5.23,--,4.49%,Materials,7.30B,0.78%,2.59%,19.94%,-60.79%,-18.06,-8.17
600269 CH Equity,JIANGXI GANYUE-A,12.02M,8.21,0.54,9.66,6.71%,Industrials,10.44B,12.18%,4.86%,44.86%,-23.24%,-8.96,-0.22
600167 CH Equity,LUENMEI QUANTU-A,11.90M,20.63,1.32,13.89,6.38%,Utilities,14.55B,4.85%,3.99%,22.64%,-1.36k%,-31.23,1.15
002701 CH Equity,ORG TECHNOLOGY-A,11.90M,11.78,1.33,10.4,11.71%,Materials,13.03B,8.49%,4.38%,136.32%,-17.50%,-10.54,0.44
301589 CH Equity,XI'AN NOVASTAR-A,11.84M,26.03,3.89,52.82,15.49%,Information Technology,15.18B,3.84%,12.48%,22.50%,-2.54%,-6.69,18.17
600557 CH Equity,JIANGSU KANION-A,11.77M,33.09,1.65,--,4.75%,Health Care,7.80B,3.02%,4.66%,0.90%,-17.74%,-10.58,0.93
688486 CH Equity,LONTIUM SEMICO-A,11.68M,46.36,5.4,669.31,11.49%,Information Technology,8.15B,2.16%,10.80%,0.01%,79.43%,-16.29,-11.55
GENS SP Equity,GENTING SINGAPOR,11.67M,21.22,1.01,39.21,4.73%,Consumer Discretionary,8.28B,4.71%,1.78%,0.03%,-31.03%,-5.52,0.02
300841 CH Equity,CHENGDU KANGHU-A,11.60M,40.91,2.09,20.33,5.22%,Health Care,7.34B,2.44%,4.88%,4.27%,-28.11%,-26.61,-1.06
000503 CH Equity,CHINA REFORM -A,11.49M,--,6.02,--,-8.92%,Health Care,7.62B,-1.55%,-10.74%,34.92%,-31.73%,-22.97,-2.57
000156 CH Equity,WASU MEDIA HOL-A,11.46M,30.94,0.93,16.89,3.11%,Communication Services,13.95B,3.23%,1.80%,18.75%,-8.16%,-5.64,0.11
600529 CH Equity,SHANDONG PHAR-A,11.45M,17.65,1.47,--,8.46%,Health Care,12.20B,5.67%,7.57%,6.50%,-11.07%,-14.62,-3.04
002727 CH Equity,YIXINTANG PHAR-A,11.45M,79.27,0.98,4.46,1.20%,Consumer Staples,7.34B,1.26%,1.50%,59.37%,-58.33%,-10.68,0.14
003006 CH Equity,CHONGQING BAIY-A,11.43M,25.69,5.11,68.67,20.48%,Consumer Staples,7.50B,3.89%,19.15%,2.54%,-11.79%,-31.12,-7.02
301047 CH Equity,SINO BIOLOGICA-A,11.38M,67.02,1.68,73.96,2.41%,Health Care,8.89B,1.49%,1.09%,0.99%,67.90%,-0.71,17.16
002267 CH Equity,SHAANXI NATURA-A,11.36M,12.74,1.31,18.09,10.08%,Utilities,8.60B,7.85%,7.11%,62.40%,45.22%,-7.87,-0.08
301592 CH Equity,SICHUAN 6912 C-A,11.35M,64.01,8.31,--,14.42%,Industrials,7.88B,1.56%,11.84%,36.47%,1.45%,-15.38,-16.54
002882 CH Equity,JIN LONG YU GR-A,11.32M,107,5.41,--,5.03%,Industrials,11.45B,0.93%,2.59%,97.19%,-79.18%,-15.79,12.35
603638 CH Equity,YANTAI EDDIE P-A,11.29M,44.34,4.53,--,10.69%,Industrials,16.71B,2.26%,7.85%,45.77%,27.62%,7.17,2.64
002543 CH Equity,GUANGDONG VANW-A,11.24M,9.28,1.25,265.7,13.99%,Consumer Discretionary,6.34B,10.77%,9.96%,24.93%,-40.62%,-30.96,-0.78
002563 CH Equity,ZHEJIANG SEMIR-A,11.18M,16.1,1.26,12.88,7.69%,Consumer Discretionary,14.39B,6.21%,5.33%,31.85%,-6.75%,-4.32,-1.51
600757 CH Equity,CHANGJIANG PUB-A,11.09M,9.9,1.12,10.53,11.64%,Communication Services,11.04B,10.10%,10.22%,2.71%,7.33%,4.96,0.47
300579 CH Equity,BEIJING CERTIF-A,11.02M,--,9.08,72.2,-11.05%,Information Technology,7.10B,-1.33%,-11.81%,0.86%,-49.40%,-22.64,-0.23
002698 CH Equity,HARBIN BOSHI A-A,11.01M,27.95,3.45,58.3,12.85%,Industrials,13.89B,3.58%,10.75%,11.96%,-20.39%,-21.73,-1.69
300633 CH Equity,SONOSCAPE MEDI-A,11.00M,166.2,3.56,--,2.15%,Health Care,11.17B,0.60%,0.67%,9.81%,79.72%,-26.33,-3.97
001914 CH Equity,CHINA MERC - A,10.93M,15.41,0.94,6.26,6.19%,Real Estate,10.03B,6.49%,5.18%,5.76%,20.87%,-18.28,-2.21
600587 CH Equity,SHINVA MEDICAL-A,10.92M,16.92,1.11,32.27,6.65%,Health Care,8.68B,5.91%,4.93%,15.62%,-65.00%,-11.23,-0.47
MINT SP Equity,MAPLETREE INDUST,10.91M,17.39,1.12,19.2,6.33%,Real Estate,5.71B,5.75%,5.13%,52.57%,-3.98%,-3.62,0.2
688139 CH Equity,QINGDAO HAIER -A,10.91M,38.4,2.18,56.39,5.73%,Health Care,9.67B,2.60%,4.27%,3.95%,-2.56%,-7.79,-0.66
688306 CH Equity,NINGBO PIA AUT-A,10.81M,4.15k,6.08,--,0.15%,Industrials,11.01B,0.02%,1.14%,64.86%,50.13%,-35.07,-0.37
603072 CH Equity,BAOTOU TIANHE -A,10.80M,52.86,4.68,27.59,8.37%,Industrials,9.64B,1.89%,5.96%,28.68%,-19.16%,-28.14,-22.13
002572 CH Equity,SUOFEIYA HOME-A,10.74M,10.65,1.67,28.89,15.95%,Consumer Discretionary,12.05B,9.39%,9.34%,35.74%,-13.79%,-1.18,-2.97
002668 CH Equity,GUANGDONG TCL SM,10.71M,8.67,2.75,5.41,37.69%,Consumer Discretionary,9.76B,11.53%,22.59%,94.57%,-22.97%,-8.26,-0.6
301600 CH Equity,FLAIRCOMM MICR-A,10.64M,60.07,8.43,110.99,14.04%,Information Technology,10.60B,1.66%,12.31%,8.02%,-55.07%,-23.43,6.53
002233 CH Equity,GUANGDONG TAPA-A,10.64M,17.7,0.94,20.03,5.29%,Materials,11.08B,5.65%,3.63%,0.25%,-2.40%,3.17,1.91
002302 CH Equity,CHINA WEST CON-A,10.45M,--,0.91,--,-8.66%,Materials,7.23B,-10.09%,-3.91%,42.74%,-128.25%,-19.41,-0.2
603219 CH Equity,NINGBO FUJIA I-A,10.42M,88.58,5.73,--,6.69%,Consumer Discretionary,9.28B,1.13%,5.64%,33.82%,-80.77%,-10.02,3.18
603337 CH Equity,JACK TECHNOLOG-A,10.39M,20.99,3.77,22.01,18.49%,Industrials,18.51B,4.76%,15.34%,12.36%,6.24%,-14.48,12.66
603195 CH Equity,GONEO GROUP CO-A,10.39M,18.86,4.79,18.6,26.13%,Industrials,75.06B,5.30%,22.43%,7.98%,-9.53%,-8.04,-7.52
688289 CH Equity,SANSURE BIOTEC-A,10.39M,38.62,1.48,--,3.78%,Health Care,10.56B,2.59%,2.69%,15.37%,-33.82%,-14.78,-0.75
002061 CH Equity,ZHEJIANG COMMU-A,10.34M,8.6,0.66,4.04,7.78%,Industrials,10.48B,11.63%,4.18%,79.24%,-46.70%,-10.5,0.16
301665 CH Equity,CAC NANTONG CH-A,10.33M,32.56,3.54,--,10.91%,Materials,12.10B,3.07%,9.41%,41.74%,64.89%,-8.73,17.15
000828 CH Equity,DONGGUAN DEVEL-A,10.25M,12.38,1,10.51,8.23%,Industrials,10.20B,8.08%,3.55%,46.59%,6.86%,-18.32,0.11
300463 CH Equity,MACCURA BIO-A,10.23M,--,1.03,--,-1.83%,Health Care,6.53B,-1.78%,-0.67%,16.16%,-97.28%,-6.82,-0.98
300341 CH Equity,MOTIC XIAM ELE-A,10.22M,40.99,3.9,531.48,9.90%,Industrials,7.51B,2.44%,8.29%,1.26%,19.63%,-22.02,-0.13
300783 CH Equity,THREE SQUIRREL-A,10.15M,32.19,2.48,--,7.87%,Consumer Staples,7.38B,3.11%,4.84%,23.94%,-80.89%,-24.34,-10.9
600993 CH Equity,MAYINGLONG PHA-A,10.11M,19.2,2.55,--,13.77%,Health Care,10.96B,5.21%,11.68%,5.59%,1.17%,-8.59,-0.48
301268 CH Equity,SHENZHEN MINGL-A,10.10M,--,4.82,--,-19.74%,Industrials,8.68B,-4.78%,-6.62%,170.19%,-139.89%,-7.51,6.26
002101 CH Equity,HONGTU TECHNOL-A,10.06M,20.43,0.94,--,4.63%,Industrials,7.31B,4.89%,3.57%,31.69%,6.06%,-18.63,0.38
301091 CH Equity,SHENZHEN URBAN-A,10.03M,125.75,4.72,86.99,3.85%,Industrials,11.17B,0.80%,3.52%,7.20%,-23.79%,-38.77,-4.82
301061 CH Equity,MOTOMOTION CHI-A,10.01M,16.95,3.85,24.12,24.85%,Consumer Discretionary,15.51B,5.90%,19.26%,14.68%,44.19%,-22.96,26.15
688007 CH Equity,APPOTRONICS CO-A,9.93M,--,2.55,2.63k,-5.65%,Information Technology,6.63B,-2.31%,-2.46%,31.51%,-51.92%,-30.34,0
601033 CH Equity,GRANDTOP YONGX-A,9.79M,15.15,1.21,16.3,8.08%,Utilities,13.06B,6.60%,5.27%,93.16%,-7.56%,-9.14,-0.25
002516 CH Equity,KUANGDA TECHNO-A,9.67M,44.35,2.2,19.03,4.94%,Consumer Discretionary,8.19B,2.26%,5.30%,2.11%,-2.98%,-10.16,1.29
300768 CH Equity,HANGZHOU DPTEC-A,9.66M,60.73,2.93,131.71,4.89%,Information Technology,10.03B,1.65%,3.22%,0.63%,4.02%,-22.37,-0.11
002127 CH Equity,NANJI E-COMMER-A,9.63M,--,1.61,--,-5.74%,Communication Services,6.85B,-3.72%,-6.98%,0.68%,-65.98%,-20.74,-1.02
300183 CH Equity,QINGDAO EASTSO-A,9.56M,--,2.12,--,-0.90%,Information Technology,6.56B,-0.43%,-1.41%,2.57%,-79.79%,-15.34,-1.63
301631 CH Equity,SHENZHEN UNICO-A,9.55M,27.82,3.29,34.98,14.34%,Information Technology,7.93B,3.59%,11.30%,34.05%,-16.13%,-9.14,15.59
002557 CH Equity,CHACHA FOOD CO-A,9.54M,28.49,2.08,38.56,7.23%,Consumer Staples,11.15B,3.51%,3.79%,44.01%,-72.07%,3.77,-3.24
002399 CH Equity,SHENZHEN HEPAL-A,9.52M,47.24,1.37,10.39,2.89%,Health Care,15.01B,2.12%,1.86%,24.61%,-122.63%,-5.78,0.94
301101 CH Equity,MINGYUE OPTICA-A,9.50M,36.56,4.02,39.74,11.27%,Health Care,6.93B,2.74%,11.09%,2.73%,13.30%,-20.65,-12.5
601801 CH Equity,ANHUI XINHUA-A,9.40M,14.89,1.05,7.98,7.14%,Consumer Discretionary,12.73B,6.72%,4.85%,20.51%,15.28%,0.55,-0.04
601882 CH Equity,NINGBO HAITIAN-A,9.35M,23.01,3.35,26.98,15.18%,Industrials,9.87B,4.35%,12.15%,15.09%,-26.88%,-10.8,0.26
1044 HK Equity,HENGAN INTL,9.32M,11.15,1.3,12.61,11.88%,Consumer Staples,33.08B,8.96%,7.03%,71.73%,31.86%,7.39,9.35
002612 CH Equity,LANCY CO LTD-A,9.28M,7.04,2.14,16.01,31.76%,Consumer Discretionary,7.30B,14.20%,5.58%,57.55%,383.69%,-5.06,1.35
002110 CH Equity,SANSTEEL MINGU-A,9.25M,39.81,0.47,24.08,1.22%,Materials,9.30B,2.51%,1.18%,121.98%,--,-12.76,0.19
002867 CH Equity,CHOW TAI SENG -A,9.14M,12.25,2.03,12.16,16.64%,Consumer Discretionary,12.72B,8.16%,15.13%,6.89%,40.08%,-12.4,-0.55
301325 CH Equity,SHENZHEN MANST-A,9.03M,--,2.19,--,-2.39%,Industrials,6.26B,-1.10%,-1.19%,30.62%,-34.89%,-29.51,-4.59
605333 CH Equity,KUNSHAN HUGUAN-A,9.01M,17.64,3.59,--,24.43%,Consumer Discretionary,12.26B,5.67%,12.57%,89.64%,-19.04%,-30.24,-2.38
688177 CH Equity,BIO-THERA SOLU-A,9.00M,--,19.33,--,-55.40%,Health Care,9.36B,-3.96%,-28.58%,134.19%,23.01%,-18.18,1.84
000089 CH Equity,SHENZ AIRPORT-A,8.92M,24.11,1.22,12,5.12%,Industrials,14.09B,4.15%,3.44%,84.58%,30.02%,-3.1,0.47
002489 CH Equity,YOTRIO GROUP-A,8.92M,11.27,1.56,--,14.88%,Consumer Discretionary,7.33B,8.87%,12.23%,35.34%,28.87%,-9.63,0.42
002892 CH Equity,KELI MOTOR GRO-A,8.92M,233.65,6.22,--,2.66%,Industrials,8.10B,0.43%,2.15%,60.91%,9.23%,-24.71,-1.09
600006 CH Equity,DONGFENG AUTO-A,8.83M,50.95,1.49,--,2.97%,Consumer Discretionary,12.50B,1.96%,-0.70%,41.27%,-63.27%,-19.87,-0.52
688050 CH Equity,EYEBRIGHT MEDI-A,8.78M,27.04,3.52,47.69,14.04%,Health Care,9.90B,3.70%,11.30%,19.25%,-32.94%,-29.97,-52.3
600373 CH Equity,CHINESE UNIVER-A,8.77M,28.17,0.67,656.32,2.34%,Communication Services,11.51B,3.55%,1.17%,10.69%,-1.18k%,-18.82,-2.35
301215 CH Equity,CATARC AUTOMOT-A,8.76M,36.93,2.73,68.15,7.51%,Industrials,7.98B,2.71%,7.30%,0.45%,191.13%,-9.61,0.85
DFI SP Equity,DFI RETAIL GROUP,8.75M,25.91,21.95,6.16,54.61%,Consumer Staples,6.10B,3.86%,8.11%,799.56%,40.43%,38.21,2.85
KREIT SP Equity,KEPPEL REIT,8.74M,8.07,0.71,--,8.85%,Real Estate,4.51B,12.39%,2.91%,62.54%,-48.80%,-6.46,0.16
000860 CH Equity,BEIJING SHUNX-A,8.71M,--,1.36,818.45,-1.05%,Consumer Staples,9.49B,-0.78%,-0.26%,66.30%,-134.81%,-18.54,-4.33
603508 CH Equity,HENAN THINKER -A,8.66M,15.85,2.54,14.5,14.63%,Industrials,9.77B,6.31%,13.78%,0.95%,-32.69%,-23.55,6.66
CD SP Equity,COMFORTDELGRO CO,8.66M,13.83,1.23,--,8.87%,Industrials,3.18B,7.23%,6.30%,61.11%,-5.51%,-0.68,0.16
002651 CH Equity,CHENGDU LEEJUN-A,8.60M,119.34,3.45,--,3.09%,Industrials,9.68B,0.84%,1.80%,2.27%,-19.54%,-19.57,3.41
600662 CH Equity,SHANGHAI FOREI-A,8.50M,10.48,2.3,10.35,23.28%,Industrials,11.60B,9.54%,11.70%,2.43%,0.02%,-5.22,-0.01
603013 CH Equity,YAPP AUTOMOTIV-A,8.44M,17.98,2.09,29.27,12.12%,Consumer Discretionary,9.41B,5.56%,10.85%,2.73%,-24.01%,-24.98,4.84
601003 CH Equity,LIUZHOU IRON-A,8.42M,22.3,1.31,3.61,6.10%,Materials,12.14B,4.48%,4.09%,131.90%,875.13%,-14.79,1.81
000885 CH Equity,CITY DEVELOPME-A,8.42M,7.28,0.95,--,13.70%,Materials,8.66B,13.74%,6.21%,157.98%,-14.10%,-13.41,1.53
002081 CH Equity,SUZHOU GOLD -A,8.34M,19.34,0.64,49.14,3.35%,Industrials,8.84B,5.17%,3.06%,32.70%,-91.16%,-7.24,0.22
002351 CH Equity,EDIFIER TECH-A,8.33M,23.35,3.38,24.7,14.94%,Consumer Discretionary,10.06B,4.28%,14.66%,0.36%,13.19%,-18.68,-0.82
600928 CH Equity,BANK OF XI'AN -A,8.33M,5.94,0.46,--,7.94%,Financials,15.82B,16.84%,4.59%,371.42%,1.63%,-9.18,0.37
300298 CH Equity,SINOCARE INC - A,8.33M,31.21,2.68,15.27,8.68%,Health Care,8.91B,3.20%,5.43%,24.19%,-52.49%,-20.66,-4.65
601949 CH Equity,CHINA PUBLISHI-A,8.24M,21.11,1.25,24.85,6.01%,Communication Services,12.01B,4.74%,5.15%,3.48%,-40.96%,-7.48,-0.24
603128 CH Equity,CTS INTERNATIO-A,8.24M,19.45,1.2,--,6.16%,Industrials,7.27B,5.14%,3.67%,31.08%,-53.46%,-9.31,-0.28
600903 CH Equity,GUIZHOU GAS GR-A,8.24M,--,2.29,--,-0.53%,Energy,7.23B,-0.27%,1.43%,139.40%,-54.18%,-10.27,-1.23
603983 CH Equity,GUANGDONG MARU-A,8.22M,39.05,2.91,134.29,7.37%,Consumer Staples,9.70B,2.56%,5.27%,11.72%,-77.11%,-37.1,-13.04
SUN SP Equity,SUNTEC REIT,8.11M,27.93,0.74,23.41,2.96%,Real Estate,4.46B,3.58%,1.61%,62.07%,317.58%,17.58,0.55
688584 CH Equity,WAFER WORKS SH-A,8.09M,103.43,3.16,--,3.03%,Information Technology,13.04B,0.97%,2.72%,12.46%,-31.87%,-20.1,4.6
600675 CH Equity,CHINA ENTERPRI-A,8.04M,110,1.08,--,0.82%,Real Estate,15.66B,0.91%,0.68%,148.77%,4.19%,-12.2,-0.06
FCT SP Equity,FRASERS CENTREPO,8.01M,21.38,0.95,25.9,4.49%,Real Estate,4.54B,4.68%,4.14%,54.53%,7.99%,-3.91,0.18
CSE SP Equity,CSE GLOBAL LTD,8.00M,23.62,3.26,--,14.11%,Information Technology,897.62M,4.23%,8.78%,96.13%,87.48%,68.71,0.92
600059 CH Equity,ZHEJIANG GUYU-A,7.96M,39.97,1.38,2.52k,3.54%,Consumer Staples,8.07B,2.50%,3.06%,0.09%,-85.16%,-8.39,0.14
600640 CH Equity,NEW GUOMAI DIG-A,7.90M,442.33,2.39,54.73,0.54%,Communication Services,9.49B,0.23%,-0.55%,0.25%,-16.56%,-17.27,0.87
002901 CH Equity,DOUBLE MEDICAL-A,7.89M,31.99,5.18,31.12,16.66%,Health Care,17.60B,3.13%,14.57%,8.54%,60.25%,-27.41,10.11
688128 CH Equity,CHINA NATIONAL-A,7.86M,19.48,3,12.68,16.25%,Industrials,10.24B,5.13%,13.10%,13.91%,8.42%,-25.77,6.95
688696 CH Equity,XGIMI TECH CO LT,7.83M,43.95,2.14,--,4.81%,Consumer Discretionary,6.48B,2.28%,3.21%,29.59%,-60.82%,-20.24,-19.08
301267 CH Equity,HUAXIA EYE HOS-A,7.82M,32.31,2.38,20.57,7.48%,Health Care,14.40B,3.09%,6.60%,16.36%,-13.32%,-13.96,-1.83
002287 CH Equity,TIBET CHEEZHEN-A,7.81M,20.06,2.74,22.96,14.14%,Health Care,13.22B,4.99%,11.70%,22.05%,3.39%,-12.3,0.25
101 HK Equity,HANG LUNG PPT,7.80M,24.94,0.34,27.25,1.36%,Real Estate,46.37B,4.01%,1.35%,37.29%,25.21%,2.12,4.12
603043 CH Equity,GUANGZHOU REST-A,7.76M,17.9,2.2,19.5,12.49%,Consumer Discretionary,8.70B,5.59%,9.05%,32.48%,-53.08%,-3.9,0.02
603355 CH Equity,KINGCLEAN ELEC-A,7.71M,15.98,2.8,23.51,17.69%,Consumer Discretionary,15.56B,6.26%,6.44%,131.56%,-38.18%,19.19,5.92
600729 CH Equity,CHONGQING DEPT-A,7.48M,6.94,1.22,5.76,18.46%,Consumer Discretionary,9.60B,14.41%,4.98%,81.94%,18.44%,-18.69,-10.99
600335 CH Equity,SINOMACH AUTO -A,7.47M,20.02,0.77,1.08,3.92%,Consumer Discretionary,8.94B,4.99%,2.23%,77.08%,216.11%,-1.97,0.15
601163 CH Equity,TRIANGLE TYRE -A,7.43M,12.45,0.82,17.64,6.69%,Consumer Discretionary,11.25B,8.03%,4.40%,10.77%,20.72%,0,0.92
603197 CH Equity,SHANGHAI BAOLO-A,7.32M,27.36,2.13,--,7.92%,Consumer Discretionary,6.94B,3.66%,4.20%,173.32%,-53.64%,-24.1,-1.34
300979 CH Equity,HUALI INDUSTRI-A,7.25M,16.14,3.18,46.55,19.05%,Consumer Discretionary,51.70B,6.20%,16.88%,13.51%,-24.15%,-17.26,-7.89
688232 CH Equity,GUOTAI EPOINT -A,7.20M,63.08,1.36,--,2.10%,Information Technology,7.01B,1.59%,1.90%,0.15%,-407.78%,-21.46,-8.14
002242 CH Equity,JOYOUNG CO -A,7.19M,59.86,2.14,10.01,3.40%,Consumer Discretionary,7.36B,1.67%,0.39%,56.25%,-9.02%,1.58,0.75
8YZ SP Equity,YANGZIJIANG MARI,7.18M,13.28,1.06,--,7.98%,Industrials,2.20B,7.53%,--,0.00%,-7.58%,--,--
003012 CH Equity,GUANGDONG DONG-A,7.10M,19.2,0.95,13.42,4.84%,Industrials,7.24B,5.21%,3.62%,23.99%,20.24%,-14.6,0.33
003039 CH Equity,GUANGDONG SHUN-A,7.09M,32.95,3.19,--,9.94%,Utilities,8.98B,3.03%,7.58%,74.45%,9.72%,6.99,1.12
000567 CH Equity,HAINAN HAIDE C-A,7.04M,356.39,1.85,6.74,-0.30%,Financials,9.97B,0.28%,1.75%,51.79%,-88.20%,-24.44,-0.32
300755 CH Equity,VATS LIQUOR CH-A,6.93M,--,1.8,3.93,-9.86%,Consumer Staples,5.39B,-6.10%,-5.86%,52.23%,-33.36%,-34.3,-3.17
600657 CH Equity,CINDA REAL EST-A,6.89M,--,0.47,19.12,-27.89%,Real Estate,8.64B,-91.03%,-8.97%,161.72%,-752.48%,-24.25,-1.39
600248 CH Equity,SHAANXI CONSTR-A,6.88M,11.51,0.44,--,4.15%,Industrials,12.79B,8.69%,3.25%,140.39%,-96.16%,-13.2,-0.58
600597 CH Equity,BRIGHT DAIRY-A,6.86M,--,1.12,--,-1.60%,Consumer Staples,10.24B,-1.49%,0.38%,31.31%,44.14%,-13.6,-1.12
FR SP Equity,FIRST RESOURCES,6.85M,9.82,2.27,81.12,24.27%,Consumer Staples,4.43B,10.19%,17.14%,57.23%,51.56%,65.32,1.53
VMS SP Equity,VENTURE CORP LTD,6.75M,19.86,1.61,16.63,7.99%,Information Technology,4.50B,5.04%,5.62%,0.70%,-5.85%,7.34,6.09
002275 CH Equity,GUILIN SANJIN -A,6.74M,15.89,2.57,16.71,16.71%,Health Care,8.33B,6.29%,13.38%,19.60%,19.33%,-4.2,1.15
600055 CH Equity,BEIJING WANDON-A,6.74M,--,2.21,--,-4.94%,Health Care,10.36B,-2.20%,-1.04%,9.66%,-69.58%,-16.72,-1.64
002737 CH Equity,SUNFLOWER PHAR-A,6.73M,--,1.76,27.16,-3.01%,Health Care,7.14B,-1.78%,-3.70%,0.71%,-89.40%,-20.89,-4.48
600223 CH Equity,LUSHANG FREDA-A,6.61M,36.63,1.63,30.76,4.50%,Consumer Staples,6.88B,2.73%,3.04%,2.94%,-54.17%,-12.98,-0.73
002003 CH Equity,ZHEJIANG WEIXI-A,6.55M,16.95,2.45,84.79,14.88%,Consumer Discretionary,11.46B,5.90%,11.92%,29.17%,3.46%,-8.19,-1.06
000848 CH Equity,CHENG DE LOLO -A,6.51M,13.25,2.38,13.86,18.82%,Consumer Staples,8.10B,7.55%,16.14%,14.09%,-0.74%,-8.53,-0.7
600217 CH Equity,CHINA RESOURCE-A,6.47M,--,1.36,3.99,-12.61%,Industrials,6.27B,-6.76%,-5.55%,100.67%,91.91%,-12.3,-0.83
301565 CH Equity,SINOLONG NEW M-A,6.44M,128.1,3.54,--,2.72%,Materials,8.52B,0.78%,1.76%,49.10%,59.05%,-14.5,1.29
NETLINK SP Equity,NETLINK NBN TRUS,6.42M,42.67,1.66,35.06,3.78%,Communication Services,3.86B,2.34%,2.80%,43.97%,-10.92%,6.05,0.19
301339 CH Equity,JIANGSU TONGXI-A,6.40M,34,2.74,17.8,8.08%,Information Technology,7.54B,2.94%,6.13%,2.49%,21.01%,-15.37,-1.58
600861 CH Equity,FESCO GROUP-A,6.34M,7.77,1.26,6.9,17.11%,Industrials,8.99B,12.87%,14.11%,3.77%,-7.39%,-15.98,-4.53
301376 CH Equity,ZHIOU HOME FUR-A,6.24M,18.88,1.82,2.15,9.91%,Consumer Discretionary,6.24B,5.30%,4.53%,65.35%,-32.83%,-19.3,-0.93
600305 CH Equity,JIANGSU HENGSH-A,6.18M,55.48,2.46,887.89,4.46%,Consumer Staples,8.30B,1.80%,3.92%,0.07%,-7.87%,-6.72,-0.02
601500 CH Equity,JIANGSU GENERA-A,6.14M,70.11,1.11,--,1.73%,Consumer Discretionary,6.79B,1.43%,2.15%,90.94%,-54.57%,-4.9,-0.34
MPACT SP Equity,MAPLETREE PAN AS,6.00M,10.49,0.78,20.93,7.44%,Real Estate,7.18B,9.54%,4.20%,61.46%,-6.30%,-3.57,0.31
CLINT SP Equity,CAPITALAND INDIA,5.84M,4.32,0.75,--,17.30%,Real Estate,1.53B,23.13%,2.98%,89.40%,-72.43%,-7.31,0.19
301381 CH Equity,SAILVAN TIMES -A,5.76M,34.28,2.96,--,9.00%,Consumer Discretionary,7.88B,2.92%,4.72%,55.39%,2.60%,-19.33,1.09
600020 CH Equity,HENAN ZHONGYUA-A,5.76M,9.88,0.71,--,7.66%,Industrials,8.50B,10.13%,2.61%,222.49%,71.37%,-12.7,-0.36
603866 CH Equity,TOLY BREAD-A,5.74M,20.56,1.52,18.83,7.50%,Consumer Staples,7.92B,4.86%,6.22%,24.41%,-31.19%,-9.84,-0.74
000557 CH Equity,NINGXIA WESTER-A,5.55M,20.51,1.07,--,5.36%,Industrials,6.84B,4.88%,2.58%,0.12%,-98.10%,-10.67,-0.74
FLT SP Equity,FRASERS LOGISTIC,5.39M,16.91,0.84,137.68,4.86%,Real Estate,3.49B,5.91%,3.52%,61.92%,-14.06%,-1.14,0.19
688739 CH Equity,LIAONING CHENG-A,5.36M,56.54,1.09,186.64,1.88%,Health Care,10.22B,1.77%,1.37%,0.13%,-68.56%,-10.15,0.38
300856 CH Equity,NANJING COSMOS-A,5.28M,46.72,2.13,--,4.61%,Materials,5.90B,2.14%,3.76%,23.60%,-87.05%,-7.12,-2.7
301508 CH Equity,CHINA MACHINER-A,5.26M,43.08,3.2,--,7.62%,Industrials,6.53B,2.32%,6.75%,0.38%,-4.91%,-10.28,-0.57
300406 CH Equity,BEIJING STRONG-A,5.26M,16.28,1.75,11.95,10.83%,Health Care,6.99B,6.14%,9.04%,26.68%,-20.20%,-10.37,-2.37
